<?xml version='1.0' encoding='UTF-8'?>
<WebWorksHelpMessages version="3.0">
  <Resources locale="default">
    <StaticString key="ContentsTabLabel" value="Contents"/>

    <StaticString key="IndexTabLabel" value="Index"/>
    <StaticString key="IndexDisplayButtonLabel" value="Display"/>

    <StaticString key="SearchTabLabel" value="Search"/>
    <StaticString key="SearchQueryLabel" value="Type in the word(s) to search for:"/>
    <StaticString key="SearchScopeLabel" value="Choose the scope of the search:"/>
    <StaticString key="SearchScopeDefaultLabel" value="All Available Books"/>
    <StaticString key="SearchQueryGoButtonLabel" value="Go!"/>
    <StaticString key="SearchResultsTitleColumnLabel" value="Title"/>
    <StaticString key="SearchResultsBookColumnLabel" value="Book"/>
    <StaticString key="SearchResultsRankColumnLabel" value="Rank"/>

    <StaticString key="FavoritesTabLabel" value="Favorites"/>
    <StaticString key="FavoritesListLabel" value="Pages:"/>
    <StaticString key="FavoritesRemoveButtonLabel" value="Remove"/>
    <StaticString key="FavoritesDisplayButtonLabel" value="Display"/>
    <StaticString key="FavoritesCurrentPageLabel" value="Current page:"/>
    <StaticString key="FavoritesAddButtonLabel" value="Add"/>

    <StaticString key="IndexJumpDialogTitle" value="Multiple Topics Found"/>
    <StaticString key="IndexJumpDialogLabel1" value="The index word or phrase you chose occurs in multiple documents."/>
    <StaticString key="IndexJumpDialogLabel2" value="Please choose one."/>
    <StaticString key="IndexJumpDialogBookColumnLabel" value="Book"/>
    <StaticString key="IndexJumpDialogTitleColumnLabel" value="Title"/>
    <StaticString key="IndexJumpDialogDisplayButtonLabel" value="Display"/>
    <StaticString key="IndexJumpDialogCancelButtonLabel" value="Cancel"/>
    <StaticString key="SearchSearchingStatus" value="(searching)"/>
    <StaticString key="SearchNoResultsStatus" value="(no results)"/>
    <StaticString key="SyncTOCErrorStatus" value="The current page could not be found in the table of contents."/>
  </Resources>
  <Resources locale="zh">
    <StaticString key="ContentsTabLabel" value="\u76ee\u5f55"/>

    <StaticString key="IndexTabLabel" value="\u7d22\u5f15"/>
    <StaticString key="IndexDisplayButtonLabel" value="\u663e\u793a"/>

    <StaticString key="SearchTabLabel" value="\u641c\u7d22"/>
    <StaticString key="SearchQueryLabel" value="\u952e\u5165\u8981\u641c\u7d22\u7684\u5355\u8bcd\uff1a"/>
    <StaticString key="SearchScopeLabel" value="\u9009\u62e9\u641c\u7d22\u8303\u56f4\uff1a"/>
    <StaticString key="SearchScopeDefaultLabel" value="\u6240\u6709\u4e66\u7c4d"/>
    <StaticString key="SearchQueryGoButtonLabel" value="\u5f00\u59cb\uff01"/>
    <StaticString key="SearchResultsTitleColumnLabel" value="\u6807\u9898"/>
    <StaticString key="SearchResultsBookColumnLabel" value="\u4e66\u7c4d"/>
    <StaticString key="SearchResultsRankColumnLabel" value="\u7ea7\u522b"/>

    <StaticString key="FavoritesTabLabel" value="\u6536\u85cf\u5939"/>
    <StaticString key="FavoritesListLabel" value="\u9875\uff1a"/>
    <StaticString key="FavoritesRemoveButtonLabel" value="\u5220\u9664"/>
    <StaticString key="FavoritesDisplayButtonLabel" value="\u663e\u793a"/>
    <StaticString key="FavoritesCurrentPageLabel" value="\u5f53\u524d\u9875\uff1a"/>
    <StaticString key="FavoritesAddButtonLabel" value="\u6dfb\u52a0"/>

    <StaticString key="IndexJumpDialogTitle" value="\u627e\u5230\u591a\u4e2a\u4e3b\u9898"/>
    <StaticString key="IndexJumpDialogLabel1" value="\u6240\u9009\u7684\u7d22\u5f15\u5b57\u8bcd\u51fa\u73b0\u5728\u591a\u4e2a\u6587\u6863\u4e2d\u3002"/>
    <StaticString key="IndexJumpDialogLabel2" value="\u8bf7\u9009\u62e9\u4e00\u4e2a\u3002"/>
    <StaticString key="IndexJumpDialogBookColumnLabel" value="\u4e66\u7c4d"/>
    <StaticString key="IndexJumpDialogTitleColumnLabel" value="\u6807\u9898"/>
    <StaticString key="IndexJumpDialogDisplayButtonLabel" value="\u663e\u793a"/>
    <StaticString key="IndexJumpDialogCancelButtonLabel" value="\u53d6\u6d88"/>
    <StaticString key="SearchSearchingStatus" value="\uff08\u641c\u7d22\uff09"/>
    <StaticString key="SearchNoResultsStatus" value="\uff08\u65e0\u7ed3\u679c\uff09"/>
    <StaticString key="SyncTOCErrorStatus" value="\u76ee\u5f55\u4e2d\u627e\u4e0d\u5230\u5f53\u524d\u9875\u3002"/>
  </Resources>
  <Resources locale="es">
    <StaticString key="ContentsTabLabel" value="Contenido"/>

    <StaticString key="IndexTabLabel" value="\u00cdndice"/>
    <StaticString key="IndexDisplayButtonLabel" value="Mostrar"/>

    <StaticString key="SearchTabLabel" value="Buscar"/>
    <StaticString key="SearchQueryLabel" value="Escriba las palabras que desee buscar:"/>
    <StaticString key="SearchScopeLabel" value="Elija el \u00e1mbito de la b\u00fasqueda:"/>
    <StaticString key="SearchScopeDefaultLabel" value="Todos los libros disponibles"/>
    <StaticString key="SearchQueryGoButtonLabel" value="Ir"/>
    <StaticString key="SearchResultsTitleColumnLabel" value="T\u00edtulo"/>
    <StaticString key="SearchResultsBookColumnLabel" value="Libro"/>
    <StaticString key="SearchResultsRankColumnLabel" value="Clase"/>

    <StaticString key="FavoritesTabLabel" value="Favoritos"/>
    <StaticString key="FavoritesListLabel" value="P\u00e1ginas:"/>
    <StaticString key="FavoritesRemoveButtonLabel" value="Quitar"/>
    <StaticString key="FavoritesDisplayButtonLabel" value="Mostrar"/>
    <StaticString key="FavoritesCurrentPageLabel" value="P\u00e1gina actual:"/>
    <StaticString key="FavoritesAddButtonLabel" value="Agregar"/>

    <StaticString key="IndexJumpDialogTitle" value="Se encontr\u00f3 m\u00e1s de un tema"/>
    <StaticString key="IndexJumpDialogLabel1" value="La frase o palabra del \u00edndice elegida aparece en varios documentos."/>
    <StaticString key="IndexJumpDialogLabel2" value="Elija uno."/>
    <StaticString key="IndexJumpDialogBookColumnLabel" value="Libro"/>
    <StaticString key="IndexJumpDialogTitleColumnLabel" value="T\u00edtulo"/>
    <StaticString key="IndexJumpDialogDisplayButtonLabel" value="Mostrar"/>
    <StaticString key="IndexJumpDialogCancelButtonLabel" value="Cancelar"/>
    <StaticString key="SearchSearchingStatus" value="(buscando)"/>
    <StaticString key="SearchNoResultsStatus" value="(ning\u00fan resultado)"/>
    <StaticString key="SyncTOCErrorStatus" value="Esta p\u00e1gina no se encontr\u00f3 en el \u00edndice de contenidos."/>
  </Resources>
  <Resources locale="sv">
    <StaticString key="ContentsTabLabel" value="Inneh\u00e5ll"/>

    <StaticString key="IndexTabLabel" value="Index"/>
    <StaticString key="IndexDisplayButtonLabel" value="Visa"/>

    <StaticString key="SearchTabLabel" value="S\u00f6k"/>
    <StaticString key="SearchQueryLabel" value="Ange ord du vill s\u00f6ka:"/>
    <StaticString key="SearchScopeLabel" value="V\u00e4lj omfattning f\u00f6r s\u00f6kningen:"/>
    <StaticString key="SearchScopeDefaultLabel" value="Alla tillg\u00e4ngliga b\u00f6cker"/>
    <StaticString key="SearchQueryGoButtonLabel" value="Visa!"/>
    <StaticString key="SearchResultsTitleColumnLabel" value="Rubrik"/>
    <StaticString key="SearchResultsBookColumnLabel" value="Bok"/>
    <StaticString key="SearchResultsRankColumnLabel" value="Relevans"/>

    <StaticString key="FavoritesTabLabel" value="Favoriter"/>
    <StaticString key="FavoritesListLabel" value="Sidor:"/>
    <StaticString key="FavoritesRemoveButtonLabel" value="Ta bort"/>
    <StaticString key="FavoritesDisplayButtonLabel" value="Visa"/>
    <StaticString key="FavoritesCurrentPageLabel" value="Aktuell sida:"/>
    <StaticString key="FavoritesAddButtonLabel" value="L\u00e4gg till"/>

    <StaticString key="IndexJumpDialogTitle" value="Flera avsnitt hittades"/>
    <StaticString key="IndexJumpDialogLabel1" value="Indexordet eller frasen du valde f\u00f6rekommer i flera dokument."/>
    <StaticString key="IndexJumpDialogLabel2" value="V\u00e4lj ett dokument."/>
    <StaticString key="IndexJumpDialogBookColumnLabel" value="Bok"/>
    <StaticString key="IndexJumpDialogTitleColumnLabel" value="Rubrik"/>
    <StaticString key="IndexJumpDialogDisplayButtonLabel" value="Visa"/>
    <StaticString key="IndexJumpDialogCancelButtonLabel" value="Avbryt"/>
    <StaticString key="SearchSearchingStatus" value="(s\u00f6ker)"/>
    <StaticString key="SearchNoResultsStatus" value="(inga resultat)"/>
    <StaticString key="SyncTOCErrorStatus" value="Det gick inte att hitta den aktuella sidan i inneh\u00e5llsf\u00f6rteckningen."/>
  </Resources>
  <Resources locale="de">
    <StaticString key="ContentsTabLabel" value="Inhalt"/>

    <StaticString key="IndexTabLabel" value="Index"/>
    <StaticString key="IndexDisplayButtonLabel" value="Anzeigen"/>

    <StaticString key="SearchTabLabel" value="Suchen"/>
    <StaticString key="SearchQueryLabel" value="Geben Sie das Wort bzw. die Worte ein, nach denen gesucht werden soll:"/>
    <StaticString key="SearchScopeLabel" value="Legen Sie den Umfang der Suche fest:"/>
    <StaticString key="SearchScopeDefaultLabel" value="Alle verf\u00fcgbaren B\u00fccher"/>
    <StaticString key="SearchQueryGoButtonLabel" value="Suchen"/>
    <StaticString key="SearchResultsTitleColumnLabel" value="Titel"/>
    <StaticString key="SearchResultsBookColumnLabel" value="Buch"/>
    <StaticString key="SearchResultsRankColumnLabel" value="Rang"/>

    <StaticString key="FavoritesTabLabel" value="Favoriten"/>
    <StaticString key="FavoritesListLabel" value="Seiten:"/>
    <StaticString key="FavoritesRemoveButtonLabel" value="Entfernen"/>
    <StaticString key="FavoritesDisplayButtonLabel" value="Anzeigen"/>
    <StaticString key="FavoritesCurrentPageLabel" value="Aktuelle Seite:"/>
    <StaticString key="FavoritesAddButtonLabel" value="Hinzuf\u00fcgen"/>

    <StaticString key="IndexJumpDialogTitle" value="Es wurden mehrere Themen gefunden"/>
    <StaticString key="IndexJumpDialogLabel1" value="Das von Ihnen gew\u00e4hlte Indexwort bzw. der gew\u00e4hlte Indexbegriff tritt in mehreren Dokumenten auf."/>
    <StaticString key="IndexJumpDialogLabel2" value="W\u00e4hlen Sie ein Dokument aus."/>
    <StaticString key="IndexJumpDialogBookColumnLabel" value="Buch"/>
    <StaticString key="IndexJumpDialogTitleColumnLabel" value="Titel"/>
    <StaticString key="IndexJumpDialogDisplayButtonLabel" value="Anzeigen"/>
    <StaticString key="IndexJumpDialogCancelButtonLabel" value="Abbrechen"/>
    <StaticString key="SearchSearchingStatus" value="(Suchen)"/>
    <StaticString key="SearchNoResultsStatus" value="(keine Ergebnisse)"/>
    <StaticString key="SyncTOCErrorStatus" value="Die aktuelle Seite wurde nicht im Inhalt gefunden."/>
  </Resources>
  <Resources locale="it">
    <StaticString key="ContentsTabLabel" value="Contenuto"/>

    <StaticString key="IndexTabLabel" value="Indice"/>
    <StaticString key="IndexDisplayButtonLabel" value="Visualizza"/>

    <StaticString key="SearchTabLabel" value="Cerca"/>
    <StaticString key="SearchQueryLabel" value="Digitare le parole da cercare:"/>
    <StaticString key="SearchScopeLabel" value="Selezionare l'ambito della ricerca:"/>
    <StaticString key="SearchScopeDefaultLabel" value="Tutti i libri disponibili"/>
    <StaticString key="SearchQueryGoButtonLabel" value="Vai!"/>
    <StaticString key="SearchResultsTitleColumnLabel" value="Titolo"/>
    <StaticString key="SearchResultsBookColumnLabel" value="Libro"/>
    <StaticString key="SearchResultsRankColumnLabel" value="Classe"/>

    <StaticString key="FavoritesTabLabel" value="Preferiti"/>
    <StaticString key="FavoritesListLabel" value="Pagine:"/>
    <StaticString key="FavoritesRemoveButtonLabel" value="Rimuovi"/>
    <StaticString key="FavoritesDisplayButtonLabel" value="Visualizza"/>
    <StaticString key="FavoritesCurrentPageLabel" value="Pagina corrente:"/>
    <StaticString key="FavoritesAddButtonLabel" value="Aggiungi"/>

    <StaticString key="IndexJumpDialogTitle" value="Sono stati trovati pi\u00f9 argomenti"/>
    <StaticString key="IndexJumpDialogLabel1" value="La parola o la frase cercata nell'indice \u00e8 presente in pi\u00f9 documenti."/>
    <StaticString key="IndexJumpDialogLabel2" value="Sceglierne uno."/>
    <StaticString key="IndexJumpDialogBookColumnLabel" value="Libro"/>
    <StaticString key="IndexJumpDialogTitleColumnLabel" value="Titolo"/>
    <StaticString key="IndexJumpDialogDisplayButtonLabel" value="Visualizza"/>
    <StaticString key="IndexJumpDialogCancelButtonLabel" value="Annulla"/>
    <StaticString key="SearchSearchingStatus" value="(ricerca in corso)"/>
    <StaticString key="SearchNoResultsStatus" value="(nessun risultato)"/>
    <StaticString key="SyncTOCErrorStatus" value="La pagina corrente non \u00e8 stata trovata nel Sommario."/>
  </Resources>
  <Resources locale="pt">
    <StaticString key="ContentsTabLabel" value="Conte\u00fado"/>

    <StaticString key="IndexTabLabel" value="\u00cdndice remissivo"/>
    <StaticString key="IndexDisplayButtonLabel" value="Mostrar"/>

    <StaticString key="SearchTabLabel" value="Procurar"/>
    <StaticString key="SearchQueryLabel" value="Digite a(s) palavra(s) a ser(em) procurada(s):"/>
    <StaticString key="SearchScopeLabel" value="Escolha o escopo da pesquisa:"/>
    <StaticString key="SearchScopeDefaultLabel" value="Todos os livros dispon\u00edveis"/>
    <StaticString key="SearchQueryGoButtonLabel" value="Prosseguir"/>
    <StaticString key="SearchResultsTitleColumnLabel" value="T\u00edtulo"/>
    <StaticString key="SearchResultsBookColumnLabel" value="Livro"/>
    <StaticString key="SearchResultsRankColumnLabel" value="Escopo"/>

    <StaticString key="FavoritesTabLabel" value="Favoritos"/>
    <StaticString key="FavoritesListLabel" value="P\u00e1ginas:"/>
    <StaticString key="FavoritesRemoveButtonLabel" value="Remover"/>
    <StaticString key="FavoritesDisplayButtonLabel" value="Mostrar"/>
    <StaticString key="FavoritesCurrentPageLabel" value="P\u00e1gina atual:"/>
    <StaticString key="FavoritesAddButtonLabel" value="Adicionar"/>

    <StaticString key="IndexJumpDialogTitle" value="Mais de um t\u00f3pico encontrado"/>
    <StaticString key="IndexJumpDialogLabel1" value="A palavra ou frase escolhida no \u00edndice remissivo consta de mais de um documento."/>
    <StaticString key="IndexJumpDialogLabel2" value="Escolha um."/>
    <StaticString key="IndexJumpDialogBookColumnLabel" value="Livro"/>
    <StaticString key="IndexJumpDialogTitleColumnLabel" value="T\u00edtulo"/>
    <StaticString key="IndexJumpDialogDisplayButtonLabel" value="Mostrar"/>
    <StaticString key="IndexJumpDialogCancelButtonLabel" value="Cancelar"/>
    <StaticString key="SearchSearchingStatus" value="(procurando)"/>
    <StaticString key="SearchNoResultsStatus" value="(nenhum resultado)"/>
    <StaticString key="SyncTOCErrorStatus" value="A p\u00e1gina atual n\u00e3o p\u00f4de ser encontrada no Sum\u00e1rio."/>
  </Resources>
  <Resources locale="zh_tw">
    <StaticString key="ContentsTabLabel" value="\u76ee\u9304"/>

    <StaticString key="IndexTabLabel" value="\u7d22\u5f15"/>
    <StaticString key="IndexDisplayButtonLabel" value="\u986f\u793a"/>

    <StaticString key="SearchTabLabel" value="\u641c\u5c0b"/>
    <StaticString key="SearchQueryLabel" value="\u8f38\u5165\u8981\u641c\u5c0b\u6587\u5b57\uff1a"/>
    <StaticString key="SearchScopeLabel" value="\u9078\u64c7\u641c\u5c0b\u7bc4\u570d\uff1a"/>
    <StaticString key="SearchScopeDefaultLabel" value="\u6240\u6709\u53ef\u7528\u66f8\u7c4d"/>
    <StaticString key="SearchQueryGoButtonLabel" value="\u958b\u59cb\uff01"/>
    <StaticString key="SearchResultsTitleColumnLabel" value="\u6a19\u984c"/>
    <StaticString key="SearchResultsBookColumnLabel" value="\u66f8\u540d"/>
    <StaticString key="SearchResultsRankColumnLabel" value="\u95dc\u806f\u6027"/>

    <StaticString key="FavoritesTabLabel" value="\u6700\u611b"/>
    <StaticString key="FavoritesListLabel" value="\u7db2\u9801\uff1a"/>
    <StaticString key="FavoritesRemoveButtonLabel" value="\u79fb\u9664"/>
    <StaticString key="FavoritesDisplayButtonLabel" value="\u986f\u793a"/>
    <StaticString key="FavoritesCurrentPageLabel" value="\u76ee\u524d\u7db2\u9801\uff1a"/>
    <StaticString key="FavoritesAddButtonLabel" value="\u65b0\u589e"/>

    <StaticString key="IndexJumpDialogTitle" value="\u627e\u5230\u591a\u500b\u4e3b\u984c"/>
    <StaticString key="IndexJumpDialogLabel1" value="\u60a8\u9078\u64c7\u7684\u6587\u5b57\u6216\u8a5e\u5f59\u51fa\u73fe\u5728\u591a\u500b\u6587\u4ef6\u4e2d\u3002"/>
    <StaticString key="IndexJumpDialogLabel2" value="\u8acb\u9078\u64c7\u5176\u4e2d\u4e00\u9805\u3002"/>
    <StaticString key="IndexJumpDialogBookColumnLabel" value="\u66f8\u540d"/>
    <StaticString key="IndexJumpDialogTitleColumnLabel" value="\u6a19\u984c"/>
    <StaticString key="IndexJumpDialogDisplayButtonLabel" value="\u986f\u793a"/>
    <StaticString key="IndexJumpDialogCancelButtonLabel" value="\u53d6\u6d88"/>
    <StaticString key="SearchSearchingStatus" value="(\u641c\u5c0b\u4e2d)"/>
    <StaticString key="SearchNoResultsStatus" value="(\u6c92\u6709\u7d50\u679c)"/>
    <StaticString key="SyncTOCErrorStatus" value="\u76ee\u9304\u4e2d\u627e\u4e0d\u5230\u76ee\u524d\u7db2\u9801\u3002"/>
  </Resources>
  <Resources locale="ko">
    <StaticString key="ContentsTabLabel" value="\ucee8\ud150\uce20"/>

    <StaticString key="IndexTabLabel" value="\uc0c9\uc778"/>
    <StaticString key="IndexDisplayButtonLabel" value="\ud45c\uc2dc"/>

    <StaticString key="SearchTabLabel" value="\uac80\uc0c9"/>
    <StaticString key="SearchQueryLabel" value="\uac80\uc0c9\uc5b4\ub97c \uc785\ub825\ud558\uc2ed\uc2dc\uc624."/>
    <StaticString key="SearchScopeLabel" value="\uac80\uc0c9 \ubc94\uc704\ub97c \uc120\ud0dd\ud558\uc2ed\uc2dc\uc624."/>
    <StaticString key="SearchScopeDefaultLabel" value="\ubaa8\ub4e0 \ucc45"/>
    <StaticString key="SearchQueryGoButtonLabel" value="\uac80\uc0c9"/>
    <StaticString key="SearchResultsTitleColumnLabel" value="\uc81c\ubaa9"/>
    <StaticString key="SearchResultsBookColumnLabel" value="\ucc45"/>
    <StaticString key="SearchResultsRankColumnLabel" value="\ub4f1\uae09"/>

    <StaticString key="FavoritesTabLabel" value="\uad00\uc2ec \ud56d\ubaa9"/>
    <StaticString key="FavoritesListLabel" value="\ud398\uc774\uc9c0:"/>
    <StaticString key="FavoritesRemoveButtonLabel" value="\uc81c\uac70"/>
    <StaticString key="FavoritesDisplayButtonLabel" value="\ud45c\uc2dc"/>
    <StaticString key="FavoritesCurrentPageLabel" value="\ud604\uc7ac \ud398\uc774\uc9c0:"/>
    <StaticString key="FavoritesAddButtonLabel" value="\ucd94\uac00"/>

    <StaticString key="IndexJumpDialogTitle" value="\ub2e4\uc218 \ud56d\ubaa9 \uac80\uc0c9\ub428"/>
    <StaticString key="IndexJumpDialogLabel1" value="\uc120\ud0dd\ud55c \uc0c9\uc778 \ub2e8\uc5b4 \ub610\ub294 \uad6c\ubb38\uc774 \uc5ec\ub7ec \ubb38\uc11c\uc5d0 \uc874\uc7ac\ud569\ub2c8\ub2e4."/>
    <StaticString key="IndexJumpDialogLabel2" value="\ud558\ub098\ub97c \uc120\ud0dd\ud558\uc2ed\uc2dc\uc624."/>
    <StaticString key="IndexJumpDialogBookColumnLabel" value="\ucc45"/>
    <StaticString key="IndexJumpDialogTitleColumnLabel" value="\uc81c\ubaa9"/>
    <StaticString key="IndexJumpDialogDisplayButtonLabel" value="\ud45c\uc2dc"/>
    <StaticString key="IndexJumpDialogCancelButtonLabel" value="\ucde8\uc18c"/>
    <StaticString key="SearchSearchingStatus" value="(\uac80\uc0c9 \uc911)"/>
    <StaticString key="SearchNoResultsStatus" value="(\uacb0\uacfc \uc5c6\uc74c)"/>
    <StaticString key="SyncTOCErrorStatus" value="\ubaa9\ucc28\uc5d0\uc11c \ud604\uc7ac \ud398\uc774\uc9c0\ub97c \ucc3e\uc744 \uc218 \uc5c6\uc2b5\ub2c8\ub2e4."/>
  </Resources>
  <Resources locale="fr">
    <StaticString key="ContentsTabLabel" value="Table des mati\u00e8res"/>

    <StaticString key="IndexTabLabel" value="Index"/>
    <StaticString key="IndexDisplayButtonLabel" value="Afficher"/>

    <StaticString key="SearchTabLabel" value="Rechercher"/>
    <StaticString key="SearchQueryLabel" value="Saisissez un ou plusieurs mots cl\u00e9s\u00a0:"/>
    <StaticString key="SearchScopeLabel" value="Choisissez l'\u00e9tendue de votre recherche\u00a0:"/>
    <StaticString key="SearchScopeDefaultLabel" value="Tous les livres disponibles"/>
    <StaticString key="SearchQueryGoButtonLabel" value="Lancer"/>
    <StaticString key="SearchResultsTitleColumnLabel" value="Titre"/>
    <StaticString key="SearchResultsBookColumnLabel" value="Livre"/>
    <StaticString key="SearchResultsRankColumnLabel" value="Pertinence"/>

    <StaticString key="FavoritesTabLabel" value="Favoris"/>
    <StaticString key="FavoritesListLabel" value="Pages\u00a0:"/>
    <StaticString key="FavoritesRemoveButtonLabel" value="Supprimer"/>
    <StaticString key="FavoritesDisplayButtonLabel" value="Afficher"/>
    <StaticString key="FavoritesCurrentPageLabel" value="Page courante\u00a0:"/>
    <StaticString key="FavoritesAddButtonLabel" value="Ajouter"/>

    <StaticString key="IndexJumpDialogTitle" value="Plusieurs rubriques trouv\u00e9es"/>
    <StaticString key="IndexJumpDialogLabel1" value="Le terme ou l'expression d'index que vous avez choisis apparaissent dans plusieurs documents."/>
    <StaticString key="IndexJumpDialogLabel2" value="S\u00e9lectionnez-en un."/>
    <StaticString key="IndexJumpDialogBookColumnLabel" value="Livre"/>
    <StaticString key="IndexJumpDialogTitleColumnLabel" value="Titre"/>
    <StaticString key="IndexJumpDialogDisplayButtonLabel" value="Afficher"/>
    <StaticString key="IndexJumpDialogCancelButtonLabel" value="Annuler"/>
    <StaticString key="SearchSearchingStatus" value="(recherche en cours)"/>
    <StaticString key="SearchNoResultsStatus" value="(aucun r\u00e9sultat)"/>
    <StaticString key="SyncTOCErrorStatus" value="Page introuvable dans la table des mati\u00e8res."/>
  </Resources>
  <Resources locale="ja">
    <StaticString key="ContentsTabLabel" value="\u76ee\u6b21"/>

    <StaticString key="IndexTabLabel" value="\u7d22\u5f15"/>
    <StaticString key="IndexDisplayButtonLabel" value="\u8868\u793a"/>

    <StaticString key="SearchTabLabel" value="\u691c\u7d22"/>
    <StaticString key="SearchQueryLabel" value="\u691c\u7d22\u5bfe\u8c61\u8a9e:"/>
    <StaticString key="SearchScopeLabel" value="\u691c\u7d22\u5bfe\u8c61\u7bc4\u56f2:"/>
    <StaticString key="SearchScopeDefaultLabel" value="\u5229\u7528\u53ef\u80fd\u306a\u3059\u3079\u3066\u306e\u30d6\u30c3\u30af"/>
    <StaticString key="SearchQueryGoButtonLabel" value="Go!"/>
    <StaticString key="SearchResultsTitleColumnLabel" value="\u30bf\u30a4\u30c8\u30eb"/>
    <StaticString key="SearchResultsBookColumnLabel" value="\u30d6\u30c3\u30af"/>
    <StaticString key="SearchResultsRankColumnLabel" value="\u30e9\u30f3\u30af"/>

    <StaticString key="FavoritesTabLabel" value="\u304a\u6c17\u306b\u5165\u308a"/>
    <StaticString key="FavoritesListLabel" value="\u30da\u30fc\u30b8:"/>
    <StaticString key="FavoritesRemoveButtonLabel" value="\u524a\u9664"/>
    <StaticString key="FavoritesDisplayButtonLabel" value="\u8868\u793a"/>
    <StaticString key="FavoritesCurrentPageLabel" value="\u73fe\u5728\u306e\u30da\u30fc\u30b8:"/>
    <StaticString key="FavoritesAddButtonLabel" value="\u8ffd\u52a0"/>

    <StaticString key="IndexJumpDialogTitle" value="\u8907\u6570\u306e\u30c8\u30d4\u30c3\u30af\u304c\u898b\u3064\u304b\u308a\u307e\u3057\u305f\u3002"/>
    <StaticString key="IndexJumpDialogLabel1" value="\u9078\u629e\u3057\u305f\u7d22\u5f15\u306e\u5358\u8a9e\u307e\u305f\u306f\u53e5\u306f\u3001\u8907\u6570\u306e\u30c9\u30ad\u30e5\u30e1\u30f3\u30c8\u5185\u3067\u4f7f\u7528\u3055\u308c\u3066\u3044\u307e\u3059\u3002"/>
    <StaticString key="IndexJumpDialogLabel2" value="1 \u3064\u306e\u30c9\u30ad\u30e5\u30e1\u30f3\u30c8\u3092\u9078\u629e\u3057\u3066\u304f\u3060\u3055\u3044\u3002"/>
    <StaticString key="IndexJumpDialogBookColumnLabel" value="\u30d6\u30c3\u30af"/>
    <StaticString key="IndexJumpDialogTitleColumnLabel" value="\u30bf\u30a4\u30c8\u30eb"/>
    <StaticString key="IndexJumpDialogDisplayButtonLabel" value="\u8868\u793a"/>
    <StaticString key="IndexJumpDialogCancelButtonLabel" value="\u30ad\u30e3\u30f3\u30bb\u30eb"/>
    <StaticString key="SearchSearchingStatus" value="(\u691c\u7d22\u4e2d)"/>
    <StaticString key="SearchNoResultsStatus" value="(\u7d50\u679c\u306a\u3057)"/>
    <StaticString key="SyncTOCErrorStatus" value="\u73fe\u5728\u306e\u30da\u30fc\u30b8\u306f\u76ee\u6b21\u5185\u3067\u898b\u3064\u304b\u308a\u307e\u305b\u3093\u3067\u3057\u305f\u3002"/>
  </Resources>
</WebWorksHelpMessages>
