<?xml version='1.0' encoding='UTF-8'?>
<WebWorksHelpSettings>
    <param name="hasContents" value="true" />
    <param name="hasIndex" value="true" />
    <param name="hasSearch" value="true" />
    <param name="hasFavorites" value="false" />
    <param name="mainframename" value="WWHDocumentFrame" />
    <param name="tabfgcolor1" value="#FFFFFF" />
    <param name="tabbgcolor1" value="#3366CC" />
    <param name="tabfgcolor2" value="#000000" />
    <param name="tabbgcolor2" value="#CCCCCC" />
    <param name="bkcolor" value="#999999" />
    <param name="treebgcolor" value="#FFFFFF" />
    <param name="backgroundColor" value="#CCCCCC" />
    <param name="foregroundColor" value="#000000" />
    <param name="expandbooks" value="false" />
    <param name="showbook" value="false" />
    <param name="searchnobook" value="false" />
    <param name="searchnorank" value="false" />
</WebWorksHelpSettings>
