<?xml version="1.0" encoding="UTF-8"?>
<WebWorksHelpMessages version="3.0.0" default="en">
 <Resources locale="de">
  <StaticString key="ContentsTabLabel" value="Inhalt" />
  <StaticString key="IndexTabLabel" value="Index" />
  <StaticString key="IndexDisplayButtonLabel" value="Anzeigen" />
  <StaticString key="SearchTabLabel" value="Suchen" />
  <StaticString key="SearchQueryLabel" value="Geben Sie das Wort bzw. die Worte ein, nach denen gesucht werden soll:" />
  <StaticString key="SearchScopeLabel" value="Legen Sie den Umfang der Suche fest:" />
  <StaticString key="FavoritesTabLabel" value="Favoriten" />
  <StaticString key="FavoritesListLabel" value="Seiten:" />
  <StaticString key="FavoritesRemoveButtonLabel" value="Entfernen" />
  <StaticString key="FavoritesDisplayButtonLabel" value="Anzeigen" /> 
  <StaticString key="FavoritesCurrentPageLabel" value="Aktuelle Seite:" />
  <StaticString key="FavoritesAddButtonLabel" value="Hinzufügen" /> 
  <StaticString key="IndexJumpDialogTitle" value="Es wurden mehrere Themen gefunden" />
  <StaticString key="IndexJumpDialogCancelButtonLabel" value="Abbrechen" />
  <StaticString key="SyncIconLabel" value="Im Inhalt anzeigen" />
  <StaticString key="PrevIconLabel" value="Zurück" />
  <StaticString key="NextIconLabel" value="Weiter" />
  <StaticString key="RelatedTopicsIconLabel" value="Verwandte Themen" /> 
  <StaticString key="EmailIconLabel" value="E-Mail" />
  <StaticString key="PrintIconLabel" value="Drucken" />
  <StaticString key="BookmarkIconLabel" value="Lesezeichen" />
  <StaticString key="BookmarkLinkMessage" value="Klicken Sie mit der rechten Maustaste auf die Verknüpfung, und fügen Sie sie Ihren Lesezeichen hinzu." /> 
  <StaticString key="TitleColumnLabel" value="Titel" />
  <StaticString key="BookColumnLabel" value="Buch" />
  <StaticString key="RankColumnLabel" value="Rang" />
  <StaticString key="ContentsSyncErrorStatus" value="Die aktuelle Seite wurde nicht im Inhalt gefunden." />
  <StaticString key="IndexMultipleEntriesMessage" value="Das von Ihnen gewählte Indexwort bzw. der gewählte Indexbegriff tritt in mehreren Dokumenten auf." />  
  <StaticString key="IndexMultipleEntriesPrompt" value="Wählen Sie ein Dokument aus." />
  <StaticString key="SearchButtonLabel" value="Suchen" />
  <StaticString key="SearchScopeAllLabel" value="Alle verfügbaren Bücher" /> 
  <StaticString key="SearchNoResultsMessage" value="(keine Ergebnisse)" /> 
  <StaticString key="BrowserNotSupported1" value="Ihr Webbrowser unterstützt die zum ordnungsgemäßen Anzeigen\ndieser Seite erforderlichen Funktionen nicht. Folgende Browser werden unterstützt:\n\n IE4 und höher für Windows und UNIX\n IE5 und höher für Mac\n Netscape 6.1 und höher für Windows, Mac und UNIX\n Netscape 4.x für Windows, Mac und UNIX" />
  <StaticString key="BrowserNotSupported2" value="" />
  <StaticString key="BrowserNotSupported3" value="" />
  <StaticString key="ShowNavigationIconLabel" value="Navigation anzeigen" />
  <StaticString key="Initializing" value="Daten werden geladen..." />
  <StaticString key="AppletPleaseWait" value="Warten Sie, während das Java-Applet geladen wird..." />
  <StaticString key="SearchSearchingStatus" value="(Suchen)" />
 </Resources>
 <Resources locale="en">
  <StaticString key="ContentsTabLabel" value="Contents" />
  <StaticString key="IndexTabLabel" value="Index" />
  <StaticString key="IndexDisplayButtonLabel" value="Display" />
  <StaticString key="SearchTabLabel" value="Search" />
  <StaticString key="SearchQueryLabel" value="Type in the word(s) to search for:" />
  <StaticString key="SearchScopeLabel" value="Choose the scope of the search:" />
  <StaticString key="FavoritesTabLabel" value="Favorites" />
  <StaticString key="FavoritesListLabel" value="Pages:" />
  <StaticString key="FavoritesRemoveButtonLabel" value="Remove" />
  <StaticString key="FavoritesDisplayButtonLabel" value="Display" />
  <StaticString key="FavoritesCurrentPageLabel" value="Current page:" />
  <StaticString key="FavoritesAddButtonLabel" value="Add" />
  <StaticString key="IndexJumpDialogTitle" value="Multiple Topics Found" />
  <StaticString key="IndexJumpDialogCancelButtonLabel" value="Cancel" />
  <StaticString key="SyncIconLabel" value="Show in Contents" />
  <StaticString key="PrevIconLabel" value="Previous" />
  <StaticString key="NextIconLabel" value="Next" />
  <StaticString key="RelatedTopicsIconLabel" value="Related Topics" />
  <StaticString key="EmailIconLabel" value="E-mail" />
  <StaticString key="PrintIconLabel" value="Print" />
  <StaticString key="BookmarkIconLabel" value="Bookmark" />
  <StaticString key="BookmarkLinkMessage" value="Right-click link and add it to your bookmarks." />
  <StaticString key="TitleColumnLabel" value="Title" />
  <StaticString key="BookColumnLabel" value="Book" />
  <StaticString key="RankColumnLabel" value="Rank" />
  <StaticString key="ContentsSyncErrorStatus" value="The current page could not be found in the table of contents." />
  <StaticString key="IndexMultipleEntriesMessage" value="The index word or phrase you chose occurs in multiple documents." />
  <StaticString key="IndexMultipleEntriesPrompt" value="Please choose one." />
  <StaticString key="SearchButtonLabel" value="Go!" />
  <StaticString key="SearchScopeAllLabel" value="All Available Books" />
  <StaticString key="SearchNoResultsMessage" value="(no results)" />
  <StaticString key="BrowserNotSupported1" value="Your web browser does not support the necessary features\nrequired to view this page properly.  Supported browsers are:\n\n  IE4 and later on Windows and UNIX\n  IE5 and later on Mac\n  Netscape 6.1 and later on Windows, Mac, and UNIX\n  Netscape 4.x on Windows, Mac, and UNIX" />
  <StaticString key="BrowserNotSupported2" value="" />
  <StaticString key="BrowserNotSupported3" value="" />
  <StaticString key="ShowNavigationIconLabel" value="Show Navigation" />
  <StaticString key="Initializing" value="Loading data..." />
  <StaticString key="AppletPleaseWait" value="Please wait while the Java applet loads..." />
  <StaticString key="SearchSearchingStatus" value="(searching)" />
 </Resources>
 <Resources locale="es">
  <StaticString key="ContentsTabLabel" value="Contenido" />
  <StaticString key="IndexTabLabel" value="Índice" />
  <StaticString key="IndexDisplayButtonLabel" value="Mostrar" />
  <StaticString key="SearchTabLabel" value="Buscar" />
  <StaticString key="SearchQueryLabel" value="Escriba las palabras que desee buscar:" />
  <StaticString key="SearchScopeLabel" value="Elija el ámbito de la búsqueda:" />
  <StaticString key="FavoritesTabLabel" value="Favoritos" />
  <StaticString key="FavoritesListLabel" value="Páginas:" />
  <StaticString key="FavoritesRemoveButtonLabel" value="Quitar" />
  <StaticString key="FavoritesDisplayButtonLabel" value="Mostrar" />
  <StaticString key="FavoritesCurrentPageLabel" value="Página actual:" />
  <StaticString key="FavoritesAddButtonLabel" value="Agregar" />
  <StaticString key="IndexJumpDialogTitle" value="Se encontró más de un tema" />
  <StaticString key="IndexJumpDialogCancelButtonLabel" value="Cancelar" />
  <StaticString key="SyncIconLabel" value="Mostrar en Contenido" />
  <StaticString key="PrevIconLabel" value="Atrás" />
  <StaticString key="NextIconLabel" value="Adelante" />
  <StaticString key="RelatedTopicsIconLabel" value="Temas relacionados" />
  <StaticString key="EmailIconLabel" value="E-mail" />
  <StaticString key="PrintIconLabel" value="Imprimir" />
  <StaticString key="BookmarkIconLabel" value="Marcador" />
  <StaticString key="BookmarkLinkMessage" value="Haga clic con el botón derecho del mouse en el vínculo para agregarlo a la lista de favoritos." />
  <StaticString key="TitleColumnLabel" value="Título" />
  <StaticString key="BookColumnLabel" value="Libro" />
  <StaticString key="RankColumnLabel" value="Clase" />
  <StaticString key="ContentsSyncErrorStatus" value="Esta página no se encontró en el índice de contenidos." />
  <StaticString key="IndexMultipleEntriesMessage" value="La frase o palabra del índice elegida aparece en varios documentos." />
  <StaticString key="IndexMultipleEntriesPrompt" value="Elija uno." />
  <StaticString key="SearchButtonLabel" value="Ir" />
  <StaticString key="SearchScopeAllLabel" value="Todos los libros disponibles" />
  <StaticString key="SearchNoResultsMessage" value="(ningún resultado)" />
  <StaticString key="BrowserNotSupported1" value="Su explorador de Internet no es compatible con las funciones\nnecesarias para ver esta página correctamente. Los exploradores compatibles son:\n\n IE4 y posteriores para Windows y UNIX\n IE5 y posteriores para Mac\n Netscape 6.1 y posteriores para Windows, Mac y UNIX\n Netscape 4.x para Windows, Mac y UNIX" />
  <StaticString key="BrowserNotSupported2" value="" />
  <StaticString key="BrowserNotSupported3" value="" />
  <StaticString key="ShowNavigationIconLabel" value="Mostrar barra de navegación" />
  <StaticString key="Initializing" value="Cargando datos..." />
  <StaticString key="AppletPleaseWait" value="Espere mientras se carga el applet Java..." />
  <StaticString key="SearchSearchingStatus" value="(buscando)" />
 </Resources>
 <Resources locale="fr">
  <StaticString key="ContentsTabLabel" value="Table des matières" />
  <StaticString key="IndexTabLabel" value="Index" />
  <StaticString key="IndexDisplayButtonLabel" value="Afficher" />
  <StaticString key="SearchTabLabel" value="Rechercher" />
  <StaticString key="SearchQueryLabel" value="Saisissez un ou plusieurs mots clés :" />
  <StaticString key="SearchScopeLabel" value="Choisissez l'étendue de votre recherche :" />
  <StaticString key="FavoritesTabLabel" value="Favoris" />
  <StaticString key="FavoritesListLabel" value="Pages :" />
  <StaticString key="FavoritesRemoveButtonLabel" value="Supprimer" />
  <StaticString key="FavoritesDisplayButtonLabel" value="Afficher" />
  <StaticString key="FavoritesCurrentPageLabel" value="Page courante :" />
  <StaticString key="FavoritesAddButtonLabel" value="Ajouter" />
  <StaticString key="IndexJumpDialogTitle" value="Plusieurs rubriques trouvées" />
  <StaticString key="IndexJumpDialogCancelButtonLabel" value="Annuler" />
  <StaticString key="SyncIconLabel" value="Afficher dans la table des matières" />
  <StaticString key="PrevIconLabel" value="Précédent" />
  <StaticString key="NextIconLabel" value="Suivant" />
  <StaticString key="RelatedTopicsIconLabel" value="Rubriques associées" />
  <StaticString key="EmailIconLabel" value="E-mail" />
  <StaticString key="PrintIconLabel" value="Imprimer" />
  <StaticString key="BookmarkIconLabel" value="Ajouter aux Favoris" />
  <StaticString key="BookmarkLinkMessage" value="Cliquez sur ce lien avec le bouton droit de la souris et ajoutez-le à vos Favoris." />
  <StaticString key="TitleColumnLabel" value="Titre" />
  <StaticString key="BookColumnLabel" value="Livre" />
  <StaticString key="RankColumnLabel" value="Pertinence" />
  <StaticString key="ContentsSyncErrorStatus" value="Page introuvable dans la table des matières." />
  <StaticString key="IndexMultipleEntriesMessage" value="Le terme ou l'expression d'index que vous avez choisis apparaissent dans plusieurs documents." />
  <StaticString key="IndexMultipleEntriesPrompt" value="Sélectionnez-en un." />
  <StaticString key="SearchButtonLabel" value="Lancer" />
  <StaticString key="SearchScopeAllLabel" value="Tous les livres disponibles" />
  <StaticString key="SearchNoResultsMessage" value="(aucun résultat)" />
  <StaticString key="BrowserNotSupported1" value="Votre navigateur Web ne prend pas en charge les fonctions\nrequises pour visualiser cette page de manière correcte. Les navigateurs pris en charge sont :\n\n IE4 et version ultérieure sous Windows et UNIX\n IE5 et version ultérieure sur Mac\n Netscape 6.1 et version ultérieure sous Windows, Mac et UNIX\n Netscape 4.x sous Windows, Mac et UNIX" />
  <StaticString key="BrowserNotSupported2" value="" />
  <StaticString key="BrowserNotSupported3" value="" />
  <StaticString key="ShowNavigationIconLabel" value="Navigation" />
  <StaticString key="Initializing" value="Chargement des données..." />
  <StaticString key="AppletPleaseWait" value="Veuillez patienter pendant le chargement de l'applet Java..." />
  <StaticString key="SearchSearchingStatus" value="(recherche en cours)" />
 </Resources>
 <Resources locale="it">
  <StaticString key="ContentsTabLabel" value="Contenuto" />
  <StaticString key="IndexTabLabel" value="Indice" />
  <StaticString key="IndexDisplayButtonLabel" value="Visualizza" />
  <StaticString key="SearchTabLabel" value="Cerca" />
  <StaticString key="SearchQueryLabel" value="Digitare le parole da cercare:" />
  <StaticString key="SearchScopeLabel" value="Selezionare l'ambito della ricerca:" />
  <StaticString key="FavoritesTabLabel" value="Preferiti" />
  <StaticString key="FavoritesListLabel" value="Pagine:" />
  <StaticString key="FavoritesRemoveButtonLabel" value="Rimuovi" />
  <StaticString key="FavoritesDisplayButtonLabel" value="Visualizza" />
  <StaticString key="FavoritesCurrentPageLabel" value="Pagina corrente:" />
  <StaticString key="FavoritesAddButtonLabel" value="Aggiungi" />
  <StaticString key="IndexJumpDialogTitle" value="Sono stati trovati più argomenti" />
  <StaticString key="IndexJumpDialogCancelButtonLabel" value="Annulla" />
  <StaticString key="SyncIconLabel" value="Mostra in Contenuto" />
  <StaticString key="PrevIconLabel" value="Precedente" />
  <StaticString key="NextIconLabel" value="Avanti" />
  <StaticString key="RelatedTopicsIconLabel" value="Argomenti correlati" />
  <StaticString key="EmailIconLabel" value="E-mail" />
  <StaticString key="PrintIconLabel" value="Stampa" />
  <StaticString key="BookmarkIconLabel" value="Segnalibro" />
  <StaticString key="BookmarkLinkMessage" value="Fare clic con il tasto destro del mouse per aggiungere ai Segnalibri." />
  <StaticString key="TitleColumnLabel" value="Titolo" />
  <StaticString key="BookColumnLabel" value="Libro" />
  <StaticString key="RankColumnLabel" value="Classe" />
  <StaticString key="ContentsSyncErrorStatus" value="La pagina corrente non è stata trovata nel Sommario." />
  <StaticString key="IndexMultipleEntriesMessage" value="La parola o la frase cercata nell'indice è presente in più documenti." />
  <StaticString key="IndexMultipleEntriesPrompt" value="Sceglierne uno." />
  <StaticString key="SearchButtonLabel" value="Vai!" />
  <StaticString key="SearchScopeAllLabel" value="Tutti i libri disponibili" />
  <StaticString key="SearchNoResultsMessage" value="(nessun risultato)" />
  <StaticString key="BrowserNotSupported1" value="Il browser Web in uso non supporta le funzioni necessarie\nper visualizzare correttamente questa pagina. I browser supportati sono:\n\n IE4 e versioni successive su Windows e UNIX\n IE5 e versioni successive su Mac\n Netscape 6.1 e versioni successive per Windows, Mac e UNIX\n Netscape 4.x su Windows, Mac e UNIX" />
  <StaticString key="BrowserNotSupported2" value="" />
  <StaticString key="BrowserNotSupported3" value="" />
  <StaticString key="ShowNavigationIconLabel" value="Mostra navigazione" />
  <StaticString key="Initializing" value="Caricamento dati in corso..." />
  <StaticString key="AppletPleaseWait" value="Attendere mentre le applet di Java vengono caricate..." />
  <StaticString key="SearchSearchingStatus" value="(ricerca in corso)" />
 </Resources>
 <Resources locale="ja">
  <StaticString key="ContentsTabLabel" value="目次" />
  <StaticString key="IndexTabLabel" value="索引" />
  <StaticString key="IndexDisplayButtonLabel" value="表示" />
  <StaticString key="SearchTabLabel" value="検索" />
  <StaticString key="SearchQueryLabel" value="検索対象語:" />
  <StaticString key="SearchScopeLabel" value="検索対象範囲:" />
  <StaticString key="FavoritesTabLabel" value="お気に入り" />
  <StaticString key="FavoritesListLabel" value="ページ:" />
  <StaticString key="FavoritesRemoveButtonLabel" value="削除" />
  <StaticString key="FavoritesDisplayButtonLabel" value="表示" />
  <StaticString key="FavoritesCurrentPageLabel" value="現在のページ:" />
  <StaticString key="FavoritesAddButtonLabel" value="追加" />
  <StaticString key="IndexJumpDialogTitle" value="複数のトピックが見つかりました。" />
  <StaticString key="IndexJumpDialogCancelButtonLabel" value="キャンセル" />
  <StaticString key="SyncIconLabel" value="内容の表示" />
  <StaticString key="PrevIconLabel" value="前へ" />
  <StaticString key="NextIconLabel" value="次へ" />
  <StaticString key="RelatedTopicsIconLabel" value="関連トピック" />
  <StaticString key="EmailIconLabel" value="電子メール" />
  <StaticString key="PrintIconLabel" value="印刷" />
  <StaticString key="BookmarkIconLabel" value="ブックマーク" />
  <StaticString key="BookmarkLinkMessage" value="リンクを右クリックして、ブックマークに追加します。" />
  <StaticString key="TitleColumnLabel" value="タイトル" />
  <StaticString key="BookColumnLabel" value="ブック" />
  <StaticString key="RankColumnLabel" value="ランク" />
  <StaticString key="ContentsSyncErrorStatus" value="現在のページは目次内で見つかりませんでした。" />
  <StaticString key="IndexMultipleEntriesMessage" value="選択した索引の単語または句は、複数のドキュメント内で使用されています。" />
  <StaticString key="IndexMultipleEntriesPrompt" value="1 つのドキュメントを選択してください。" />
  <StaticString key="SearchButtonLabel" value="Go!" />
  <StaticString key="SearchScopeAllLabel" value="利用可能なすべてのブック" />
  <StaticString key="SearchNoResultsMessage" value="(結果なし)" />
  <StaticString key="BrowserNotSupported1" value="使用中のブラウザは、このページを正しく表示するために\n必要な機能をサポートしていません。 サポートされているブラウザ: \n\nWindows および UNIX 上で実行される IE4 以降\nMac 上で実行される IE5 以降\nWindows、Mac、UNIX 上で実行される Netscape 6.1 以降\nWindows、Mac、UNIX 上で実行される Netscape 4.x" />
  <StaticString key="BrowserNotSupported2" value="" /> <StaticString key="BrowserNotSupported3" value="" />
  <StaticString key="ShowNavigationIconLabel" value="ナビゲーション バーの表示" />
  <StaticString key="Initializing" value="データを読み込んでいます。" />
  <StaticString key="AppletPleaseWait" value="Java アプレットが読み込まれるまでしばらくお待ちください。" />
  <StaticString key="SearchSearchingStatus" value="(検索中)" />
 </Resources>
 <Resources locale="ko">
  <StaticString key="ContentsTabLabel" value="컨텐츠" />
  <StaticString key="IndexTabLabel" value="색인" />
  <StaticString key="IndexDisplayButtonLabel" value="표시" />
  <StaticString key="SearchTabLabel" value="검색" />
  <StaticString key="SearchQueryLabel" value="검색어를 입력하십시오." />
  <StaticString key="SearchScopeLabel" value="검색 범위를 선택하십시오." />
  <StaticString key="FavoritesTabLabel" value="관심 항목" />
  <StaticString key="FavoritesListLabel" value="페이지:" />
  <StaticString key="FavoritesRemoveButtonLabel" value="제거" />
  <StaticString key="FavoritesDisplayButtonLabel" value="표시" />
  <StaticString key="FavoritesCurrentPageLabel" value="현재 페이지:" />
  <StaticString key="FavoritesAddButtonLabel" value="추가" />
  <StaticString key="IndexJumpDialogTitle" value="다수 항목 검색됨" />
  <StaticString key="IndexJumpDialogCancelButtonLabel" value="취소" />
  <StaticString key="SyncIconLabel" value="컨텐츠에서 표시" />
  <StaticString key="PrevIconLabel" value="이전" />
  <StaticString key="NextIconLabel" value="다음" />
  <StaticString key="RelatedTopicsIconLabel" value="관련 항목" />
  <StaticString key="EmailIconLabel" value="메일" />
  <StaticString key="PrintIconLabel" value="인쇄" />
  <StaticString key="BookmarkIconLabel" value="북마크" />
  <StaticString key="BookmarkLinkMessage" value="링크를 마우스 오른쪽 단추로 클릭하여 북마크에 추가합니다." />
  <StaticString key="TitleColumnLabel" value="제목" />
  <StaticString key="BookColumnLabel" value="책" />
  <StaticString key="RankColumnLabel" value="등급" />
  <StaticString key="ContentsSyncErrorStatus" value="목차에서 현재 페이지를 찾을 수 없습니다." />
  <StaticString key="IndexMultipleEntriesMessage" value="선택한 색인 단어 또는 구문이 여러 문서에 존재합니다." />
  <StaticString key="IndexMultipleEntriesPrompt" value="하나를 선택하십시오." />
  <StaticString key="SearchButtonLabel" value="검색" />
  <StaticString key="SearchScopeAllLabel" value="모든 책" />
  <StaticString key="SearchNoResultsMessage" value="(결과 없음)" />
  <StaticString key="BrowserNotSupported1" value="웹 브라우저가 이 페이지를 올바르게 표시하는 데 \n필요한 기능을 지원하지 않습니다. 지원되는 브라우저:\n\nInternet Explorer 4 이상(Windows, UNIX )\n Internet Explorer 5 이상(Mac)\n Netscape 6.1 이상(Windows, Mac, UNIX)\n Netscape 4.x(Windows, Mac, UNIX)" />
  <StaticString key="BrowserNotSupported2" value="" />
  <StaticString key="BrowserNotSupported3" value="" />
  <StaticString key="ShowNavigationIconLabel" value="네비게이션 표시" />
  <StaticString key="Initializing" value="데이터 로드 중..." />
  <StaticString key="AppletPleaseWait" value="자바 애플릿을 로드하는 동안 잠시 기다리십시오..." />
  <StaticString key="SearchSearchingStatus" value="(검색 중)" />
 </Resources>
 <Resources locale="pt">
  <StaticString key="ContentsTabLabel" value="Conteúdo" />
  <StaticString key="IndexTabLabel" value="Índice remissivo" />
  <StaticString key="IndexDisplayButtonLabel" value="Mostrar" />
  <StaticString key="SearchTabLabel" value="Procurar" />
  <StaticString key="SearchQueryLabel" value="Digite a(s) palavra(s) a ser(em) procurada(s):" />
  <StaticString key="SearchScopeLabel" value="Escolha o escopo da pesquisa:" />
  <StaticString key="FavoritesTabLabel" value="Favoritos" />
  <StaticString key="FavoritesListLabel" value="Páginas:" />
  <StaticString key="FavoritesRemoveButtonLabel" value="Remover" />
  <StaticString key="FavoritesDisplayButtonLabel" value="Mostrar" />
  <StaticString key="FavoritesCurrentPageLabel" value="Página atual:" />
  <StaticString key="FavoritesAddButtonLabel" value="Adicionar" />
  <StaticString key="IndexJumpDialogTitle" value="Mais de um tópico encontrado" />
  <StaticString key="IndexJumpDialogCancelButtonLabel" value="Cancelar" />
  <StaticString key="SyncIconLabel" value="Mostrar em conteúdo" />
  <StaticString key="PrevIconLabel" value="Voltar" />
  <StaticString key="NextIconLabel" value="Avançar" />
  <StaticString key="RelatedTopicsIconLabel" value="Tópicos relacionados" />
  <StaticString key="EmailIconLabel" value="E-mail" />
  <StaticString key="PrintIconLabel" value="Imprimir" />
  <StaticString key="BookmarkIconLabel" value="Favoritos" />
  <StaticString key="BookmarkLinkMessage" value="Clique com o botão direito no link para adicioná-lo aos seus Favoritos." />
  <StaticString key="TitleColumnLabel" value="Título" />
  <StaticString key="BookColumnLabel" value="Livro" />
  <StaticString key="RankColumnLabel" value="Escopo" />
  <StaticString key="ContentsSyncErrorStatus" value="A página atual não pôde ser encontrada no Sumário." />
  <StaticString key="IndexMultipleEntriesMessage" value="A palavra ou frase escolhida no índice remissivo consta de mais de um documento." />
  <StaticString key="IndexMultipleEntriesPrompt" value="Escolha um." />
  <StaticString key="SearchButtonLabel" value="Prosseguir" />
  <StaticString key="SearchScopeAllLabel" value="Todos os livros disponíveis" />
  <StaticString key="SearchNoResultsMessage" value="(nenhum resultado)" />
  <StaticString key="BrowserNotSupported1" value="Seu navegador da web não suporta os recursos\nnecessários à visualização desta página. Os navegadores suportados são:\n\n IE4 e versão posterior para Windows e UNIX\n IE5 e versão posterior para Mac\n Netscape 6.1 e versão posterior para Windows, Mac e UNIX\n Netscape 4.x para Windows, Mac e UNIX" />
  <StaticString key="BrowserNotSupported2" value="" />
  <StaticString key="BrowserNotSupported3" value="" />
  <StaticString key="ShowNavigationIconLabel" value="Mostrar navegação" />
  <StaticString key="Initializing" value="Carregando dados..." />
  <StaticString key="AppletPleaseWait" value="Aguarde enquando o applet Java é carregado..." />
  <StaticString key="SearchSearchingStatus" value="(procurando)" />
 </Resources>
 <Resources locale="sv">
  <StaticString key="ContentsTabLabel" value="Innehåll" />
  <StaticString key="IndexTabLabel" value="Index" />
  <StaticString key="IndexDisplayButtonLabel" value="Visa" />
  <StaticString key="SearchTabLabel" value="Sök" />
  <StaticString key="SearchQueryLabel" value="Ange ord du vill söka:" />
  <StaticString key="SearchScopeLabel" value="Välj omfattning för sökningen:" />
  <StaticString key="FavoritesTabLabel" value="Favoriter" />
  <StaticString key="FavoritesListLabel" value="Sidor:" />
  <StaticString key="FavoritesRemoveButtonLabel" value="Ta bort" />
  <StaticString key="FavoritesDisplayButtonLabel" value="Visa" />
  <StaticString key="FavoritesCurrentPageLabel" value="Aktuell sida:" />
  <StaticString key="FavoritesAddButtonLabel" value="Lägg till" />
  <StaticString key="IndexJumpDialogTitle" value="Flera avsnitt hittades" />
  <StaticString key="IndexJumpDialogCancelButtonLabel" value="Avbryt" />
  <StaticString key="SyncIconLabel" value="Visa i innehåll" />
  <StaticString key="PrevIconLabel" value="Föregående" />
  <StaticString key="NextIconLabel" value="Nästa" />
  <StaticString key="RelatedTopicsIconLabel" value="Närliggande information" />
  <StaticString key="EmailIconLabel" value="E-post" />
  <StaticString key="PrintIconLabel" value="Skriv ut" />
  <StaticString key="BookmarkIconLabel" value="Bokmärke" />
  <StaticString key="BookmarkLinkMessage" value="Högerklicka på länken och lägg till den till dina bokmärken." />
  <StaticString key="TitleColumnLabel" value="Rubrik" />
  <StaticString key="BookColumnLabel" value="Bok" />
  <StaticString key="RankColumnLabel" value="Relevans" />
  <StaticString key="ContentsSyncErrorStatus" value="Det gick inte att hitta den aktuella sidan i innehållsförteckningen." />
  <StaticString key="IndexMultipleEntriesMessage" value="Indexordet eller frasen du valde förekommer i flera dokument." />
  <StaticString key="IndexMultipleEntriesPrompt" value="Välj ett dokument." />
  <StaticString key="SearchButtonLabel" value="Visa!" />
  <StaticString key="SearchScopeAllLabel" value="Alla tillgängliga böcker" />
  <StaticString key="SearchNoResultsMessage" value="(inga resultat)" />
  <StaticString key="BrowserNotSupported1" value="Webbläsaren har inte de funktioner som krävs för\natt sidan ska visas på rätt sätt. Webbläsare som kan användas är:\n\n IE4 och senare i Windows och UNIX\n IE5 och senare i Mac\n Netscape 6.1 och senare i Windows, Mac och UNIX\n Netscape 4.x i Windows, Mac och UNIX" />
  <StaticString key="BrowserNotSupported2" value="" />
  <StaticString key="BrowserNotSupported3" value="" />
  <StaticString key="ShowNavigationIconLabel" value="Visa navigering" />
  <StaticString key="Initializing" value="Läser in data..." />
  <StaticString key="AppletPleaseWait" value="Vänta medan Java-appletprogrammet läses in..." />
  <StaticString key="SearchSearchingStatus" value="(söker)" />
 </Resources>
 <Resources locale="zh">
  <StaticString key="ContentsTabLabel" value="目录" />
  <StaticString key="IndexTabLabel" value="索引" />
  <StaticString key="IndexDisplayButtonLabel" value="显示" />
  <StaticString key="SearchTabLabel" value="搜索" />
  <StaticString key="SearchQueryLabel" value="键入要搜索的单词：" />
  <StaticString key="SearchScopeLabel" value="选择搜索范围：" />
  <StaticString key="FavoritesTabLabel" value="收藏夹" />
  <StaticString key="FavoritesListLabel" value="页：" />
  <StaticString key="FavoritesRemoveButtonLabel" value="删除" />
  <StaticString key="FavoritesDisplayButtonLabel" value="显示" />
  <StaticString key="FavoritesCurrentPageLabel" value="当前页：" />
  <StaticString key="FavoritesAddButtonLabel" value="添加" />
  <StaticString key="IndexJumpDialogTitle" value="找到多个主题" />
  <StaticString key="IndexJumpDialogCancelButtonLabel" value="取消" />
  <StaticString key="SyncIconLabel" value="在目录中显示" />
  <StaticString key="PrevIconLabel" value="上一页" />
  <StaticString key="NextIconLabel" value="下一页" />
  <StaticString key="RelatedTopicsIconLabel" value="相关主题" />
  <StaticString key="EmailIconLabel" value="电子邮件" />
  <StaticString key="PrintIconLabel" value="打印" />
  <StaticString key="BookmarkIconLabel" value="书签" />
  <StaticString key="BookmarkLinkMessage" value="右键单击链接，将其添加到书签中。" />
  <StaticString key="TitleColumnLabel" value="标题" />
  <StaticString key="BookColumnLabel" value="书籍" />
  <StaticString key="RankColumnLabel" value="级别" />
  <StaticString key="ContentsSyncErrorStatus" value="目录中找不到当前页。" />
  <StaticString key="IndexMultipleEntriesMessage" value="所选的索引字词出现在多个文档中。" />
  <StaticString key="IndexMultipleEntriesPrompt" value="请选择一个。" />
  <StaticString key="SearchButtonLabel" value="开始！" />
  <StaticString key="SearchScopeAllLabel" value="所有书籍" />
  <StaticString key="SearchNoResultsMessage" value="（无结果）" />
  <StaticString key="BrowserNotSupported1" value="您的 Web 浏览器不支持正确查看本页要求的\n必需功能。 支持的浏览器有：\n\nIE4 及更高版本（Windows 和 UNIX）\nIE5 及更高版本（Mac）\nNetscape 6.1 及更高版本（Windows、Mac 和 UNIX）\nNetscape 4.x（Windows、Mac 和 UNIX）" />
  <StaticString key="BrowserNotSupported2" value="" />
  <StaticString key="BrowserNotSupported3" value="" />
  <StaticString key="ShowNavigationIconLabel" value="显示导航" />
  <StaticString key="Initializing" value="正在加载数据..." />
  <StaticString key="AppletPleaseWait" value="Java 应用小程序正在加载，请稍侯..." />
  <StaticString key="SearchSearchingStatus" value="（搜索）" />
 </Resources>
 <Resources locale="zh_tw">
  <StaticString key="ContentsTabLabel" value="目錄" />
  <StaticString key="IndexTabLabel" value="索引" />
  <StaticString key="IndexDisplayButtonLabel" value="顯示" />
  <StaticString key="SearchTabLabel" value="搜尋" />
  <StaticString key="SearchQueryLabel" value="輸入要搜尋文字：" />
  <StaticString key="SearchScopeLabel" value="選擇搜尋範圍：" />
  <StaticString key="FavoritesTabLabel" value="最愛" />
  <StaticString key="FavoritesListLabel" value="網頁：" />
  <StaticString key="FavoritesRemoveButtonLabel" value="移除" />
  <StaticString key="FavoritesDisplayButtonLabel" value="顯示" />
  <StaticString key="FavoritesCurrentPageLabel" value="目前網頁：" />
  <StaticString key="FavoritesAddButtonLabel" value="新增" />
  <StaticString key="IndexJumpDialogTitle" value="找到多個主題" />
  <StaticString key="IndexJumpDialogCancelButtonLabel" value="取消" />
  <StaticString key="SyncIconLabel" value="顯示在目錄中" />
  <StaticString key="PrevIconLabel" value="上一頁" />
  <StaticString key="NextIconLabel" value="下一頁" />
  <StaticString key="RelatedTopicsIconLabel" value="相關主題" />
  <StaticString key="EmailIconLabel" value="點子郵件" />
  <StaticString key="PrintIconLabel" value="列印" />
  <StaticString key="BookmarkIconLabel" value="書籤" />
  <StaticString key="BookmarkLinkMessage" value="右鍵按一下連結，將它加入到書籤中。" />
  <StaticString key="TitleColumnLabel" value="標題" />
  <StaticString key="BookColumnLabel" value="書名" />
  <StaticString key="RankColumnLabel" value="關聯性" />
  <StaticString key="ContentsSyncErrorStatus" value="目錄中找不到目前網頁。" />
  <StaticString key="IndexMultipleEntriesMessage" value="您選擇的文字或詞彙出現在多個文件中。" />
  <StaticString key="IndexMultipleEntriesPrompt" value="請選擇其中一項。" />
  <StaticString key="SearchButtonLabel" value="開始！" />
  <StaticString key="SearchScopeAllLabel" value="所有可用書籍" />
  <StaticString key="SearchNoResultsMessage" value="(沒有結果)" />
  <StaticString key="BrowserNotSupported1" value="Web 瀏覽器不支援正確檢視本頁需要的功能。 支援的瀏覽器包括：\n\n Windows 與 UNIX 上支援 IE 4 或更新版本\n Mac 上支援 IE5 或更新版本\n Windows、Mac 與 UNIX 上支援 Netscape 6.1\n Windows、Mac 與 UNIX 上支援 Netscape 4.x" />
  <StaticString key="BrowserNotSupported2" value="" />
  <StaticString key="BrowserNotSupported3" value="" />
  <StaticString key="ShowNavigationIconLabel" value="顯示導覽" />
  <StaticString key="Initializing" value="載入資料..." />
  <StaticString key="AppletPleaseWait" value="Java applet 載入中，請稍候..." />
  <StaticString key="SearchSearchingStatus" value="(搜尋中)" />
 </Resources>
</WebWorksHelpMessages>
