<?xml version='1.0' encoding='UTF-8' ?>

<!--
The "name" attribute below specifies the name of the book.  This
name appears both in the table of contents and in the search scobe
popup menu.  This attribute is required.

The "context" attribute below specifies an alternate name of the book
and is only necessary when combining books for use with your
application's context-sensitive help. You can put any value you desire
here but it must contain only the characters "A-Z", "a-z", "0-9", or "_".
This attribute is optional.

The "toc" attribute specifies the relative filename of the XML file
that specifies the TOC structure for this book.  This attribute is
optional.

The "ix" attribute specifies the relative filename of the XML file
that specifies the index structure for this book.  This attribute
is optional.

The "search" attribute specifies the relative filename of the XML
file that will be generated by wwhelpix at the end of the conversion
process.  This attribute is optional.

The "version" attribute specifies what format version the file is 
described in and should always be "2.0".  This attribute is required.

The "locale" attribute specifies the native language/locale for
this book.  Currently valid values are en=English, fr=French, and
de=German.  To ensure that proper word breaking rules are followed,
this attribute must be set correctly.  This attribute is optional.
-->

<WebWorksHelpBook name="Help" context="Help" toc="toc.xml" ix="ix.xml" search="search.xml" version="2.0" encoding="UTF-8" locale="en">

  <!-- 
  The following CommonWordsToSkip block allows you to define what
  words will be omitted from the generated full text search index.
  We have provided a list of low information words that are common
  in English as a starting point.  However, if you are processing
  documents in a different language, you will need to adjust the
  words accordingly.

  The "minlen" attribute specifies the minimum length of word to
  include in the full text search index.  Words that are fewer
  characters in length than this value will automatically be
  omitted from the search database, and need not be explicitly
  listed inside this block.  The default value of 3 seems to work
  well for English.  A value of 1 may be needed for CJK languages
  where one character can represent a whole word or concept.
  -->

  <CommonWordsToSkip minlen="2">
    about after all also and another any are
    because been before being between both but
    came can come copyright corp corporation could
    did
    each
    for from
    get got
    has had have her here him himself his how
    inc into its
    like
    make many me might more most much must
    never now
    one only other our out over
    not
    reserved rights
    said same see should since some still such
    take than that the their them then there these they this those through too
    under use
    very
    was way well were what where which while who will with would
    you your
  </CommonWordsToSkip>

  <!--
  The ScoringPrefs block allows you to control how search terms
  are scored by assigning different relative weights based on
  where a word occurs inside each document.  Three common
  META tags are supported by default, but this may be extended
  to custom META tags as follows (for a tag called partnum):

    <meta name="partnum" weight="100">

  For information on setting/creating META tags from within
  WebWorks Publisher, please see the online documentation.

  Note, that words occurring in elements not explicitly declared
  below will by default be scored with a weight of one.
  -->
  
  <ScoringPrefs>
    <meta name="keywords" weight="100"/>
    <meta name="description" weight="50"/>
    <meta name="summary" weight="50"/>
    <title weight="20"/>
    <h1 weight="15"/>
    <h2 weight="10"/>
    <caption weight="10"/>
    <h3 weight="7"/>
    <th weight="5"/>
    <h4 weight="5"/>
    <h5 weight="4"/>
    <h6 weight="3"/>
    <h7 weight="2"/>
  </ScoringPrefs>

  <!--
  The DocumentInfo block specifies the title and filename for
  each generated page in the book (excluding TOC and IX).
  -->

  <DocumentInfo>
    <Document title="Help Basics" href="Help_Basics.html" />
    <Document title="Copyright" href="OH_Copyright.html" />
    <Document title="Screen Description" href="ScreenLevelHelp.html" />
    <Document title="Administrator Screens" href="ScreenLevelHelp2.html" />
    <Document title="Connections Screen" href="ScreenLevelHelp3.html" />
    <Document title="Connection Types Screen" href="ScreenLevelHelp4.html" />
    <Document title="Configure, Edit, View, and Copy Connection Screens " href="ScreenLevelHelp5.html" />
    <Document title="Listeners Screen" href="ScreenLevelHelp6.html" />
    <Document title="Listener Types Screen" href="ScreenLevelHelp7.html" />
    <Document title="Configure, Edit, View, and Copy Listener Screens" href="ScreenLevelHelp8.html" />
    <Document title="Edit Notification Order Screen" href="ScreenLevelHelp9.html" />
    <Document title="View Notification Order Screen" href="ScreenLevelHelp10.html" />
    <Document title="Listener Notifications Screen" href="ScreenLevelHelp11.html" />
    <Document title="WebSphere MQ-Level Trace Console Screen" href="ScreenLevelHelp12.html" />
    <Document title="About Screen" href="ScreenLevelHelp13.html" />
    <Document title="Developer Screens" href="ScreenLevelHelp14.html" />
    <Document title="Put Service Template Screens" href="ScreenLevelHelp15.html" />
    <Document title="Get Service Template Screens" href="ScreenLevelHelp16.html" />
    <Document title="Peek Service Template Screens" href="ScreenLevelHelp17.html" />
    <Document title="Request/Reply Service Template Screens" href="ScreenLevelHelp18.html" />
    <Document title="Asynchronous Listener Notification Service Template Screens" href="ScreenLevelHelp19.html" />
    <Document title="Asynchronous Publishable Document Type Screen" href="ScreenLevelHelp20.html" />
    <Document title="Synchronous Notification Service Template Screens " href="ScreenLevelHelp21.html" />
  </DocumentInfo>

  <!--
  The TopicMap block is used for enabling context-sensitive help for
  use with your own software application. Publisher will automatically
  create Topic entries derived from the usage of the "TopicAlias"
  marker in your FrameMaker document(s). The "TopicAlias" marker should
  only contain the name of the topic.
  Each resulting Topic entry will be of the form:

    <Topic name="yourTopicName" href="yourBook/filename#123456">

  Where the topic name must contain only the characters:
  "A-Z", "a-z", "0-9", or "_".
  -->

  <TopicMap>
    <Topic name="MQ_TraceConsole" href="ScreenLevelHelp12.html#wp1110882" /> <!-- ScreenLevelHelp12.html -->
    <Topic name="MQ_GET_GET" href="ScreenLevelHelp16.html#wp1110456" /> <!-- ScreenLevelHelp16.html -->
    <Topic name="MQ_GET_MQMD" href="ScreenLevelHelp16.html#wp1110474" /> <!-- ScreenLevelHelp16.html -->
    <Topic name="MQ_RR_MQMD" href="ScreenLevelHelp18.html#wp1110512" /> <!-- ScreenLevelHelp18.html -->
    <Topic name="MQ_ASYNC_MQMD" href="ScreenLevelHelp19.html#wp1110684" /> <!-- ScreenLevelHelp19.html -->
    <Topic name="MQ_SYNC_MQMD" href="ScreenLevelHelp21.html#wp1110532" /> <!-- ScreenLevelHelp21.html -->
    <Topic name="MQ_ViewNotifs" href="ScreenLevelHelp10.html#wp1111425" /> <!-- ScreenLevelHelp10.html -->
    <Topic name="MQ_ListNotifs" href="ScreenLevelHelp11.html#wp1111882" /> <!-- ScreenLevelHelp11.html -->
    <Topic name="MQ_ASYNC_JMS" href="ScreenLevelHelp19.html#wp1121400" /> <!-- ScreenLevelHelp19.html -->
    <Topic name="MQ_About" href="ScreenLevelHelp13.html#wp1083206" /> <!-- ScreenLevelHelp13.html -->
    <Topic name="MQ_PUT_JMS" href="ScreenLevelHelp15.html#wp1113430" /> <!-- ScreenLevelHelp15.html -->
    <Topic name="MQ_GET_JMS" href="ScreenLevelHelp16.html#wp1113966" /> <!-- ScreenLevelHelp16.html -->
    <Topic name="MQ_PEEK_MQMD" href="ScreenLevelHelp17.html#wp1115273" /> <!-- ScreenLevelHelp17.html -->
    <Topic name="MQ_PEEK_JMS" href="ScreenLevelHelp17.html#wp1115277" /> <!-- ScreenLevelHelp17.html -->
    <Topic name="MQ_RR_RR" href="ScreenLevelHelp18.html#wp1115801" /> <!-- ScreenLevelHelp18.html -->
    <Topic name="MQ_RR_JMS" href="ScreenLevelHelp18.html#wp1115781" /> <!-- ScreenLevelHelp18.html -->
    <Topic name="MQ_ASYNC_PUB" href="ScreenLevelHelp20.html#wp1116657" /> <!-- ScreenLevelHelp20.html -->
    <Topic name="MQ_SYNC_SETTINGS" href="ScreenLevelHelp21.html#wp1116350" /> <!-- ScreenLevelHelp21.html -->
    <Topic name="MQ_PUT_PUT" href="ScreenLevelHelp15.html#wp1108912" /> <!-- ScreenLevelHelp15.html -->
    <Topic name="MQ_PUT_MQMD" href="ScreenLevelHelp15.html#wp1108930" /> <!-- ScreenLevelHelp15.html -->
    <Topic name="MQ_PEEK_PEEK" href="ScreenLevelHelp17.html#wp1109088" /> <!-- ScreenLevelHelp17.html -->
    <Topic name="MQ_SYNC_JMS" href="ScreenLevelHelp21.html#wp1109764" /> <!-- ScreenLevelHelp21.html -->
    <Topic name="MQ_ConfConnType" href="ScreenLevelHelp5.html#wp1079463" /> <!-- ScreenLevelHelp5.html -->
    <Topic name="MQ_List" href="ScreenLevelHelp6.html#wp1110852" /> <!-- ScreenLevelHelp6.html -->
    <Topic name="MQ_EditNotifs" href="ScreenLevelHelp9.html#wp1110887" /> <!-- ScreenLevelHelp9.html -->
    <Topic name="MQ_ConfListType" href="ScreenLevelHelp8.html#wp1110996" /> <!-- ScreenLevelHelp8.html -->
    <Topic name="MQ_ConfListType" href="ScreenLevelHelp8.html#wp1110996" /> <!-- ScreenLevelHelp8.html -->
    <Topic name="MQ_ConnTypes" href="ScreenLevelHelp4.html#wp1067709" /> <!-- ScreenLevelHelp4.html -->
    <Topic name="MQ_Conn" href="ScreenLevelHelp3.html#wp1067368" /> <!-- ScreenLevelHelp3.html -->
    <Topic name="MQ_ListTypes" href="ScreenLevelHelp7.html#wp1110868" /> <!-- ScreenLevelHelp7.html -->
    <Topic name="MQ_ListTypes" href="ScreenLevelHelp7.html#wp1110868" /> <!-- ScreenLevelHelp7.html -->
  </TopicMap>
</WebWorksHelpBook>
