<?xml version='1.0' encoding='UTF-8' ?>

<WebWorksHelpIX version="3.0">
 <i t="asynchronous listener notification">
  <i t="defined">
   <j l="ScreenLevelHelp19.html#wp1117934" />
  </i>
  <i t="JMS properties">
   <j l="ScreenLevelHelp19.html#wp1116537" />
  </i>
  <i t="MQMD Header properties">
   <j l="ScreenLevelHelp19.html#wp1122109" />
  </i>
 </i>
 <i t="connections">
  <i t="configuring">
   <j l="ScreenLevelHelp5.html#wp1083070" />
  </i>
  <i t="copying">
   <j l="ScreenLevelHelp5.html#wp1094836" />
  </i>
  <i t="editing">
   <j l="ScreenLevelHelp5.html#wp1094827" />
  </i>
  <i t="parameters">
   <i t="defined">
    <j l="ScreenLevelHelp5.html#wp1083221" />
   </i>
  </i>
  <i t="viewing">
   <j l="ScreenLevelHelp5.html#wp1094832" />
  </i>
 </i>
 <i t="document type. See publishable document type.">
  <j l="ScreenLevelHelp20.html#wp1116709" />
 </i>
 <i t="Get service">
  <i t="defined">
   <j l="ScreenLevelHelp16.html#wp1093397" />
  </i>
  <i t="JMS properties">
   <j l="ScreenLevelHelp16.html#wp1115149" />
  </i>
  <i t="MQMD Header properties (input signature)">
   <j l="ScreenLevelHelp16.html#wp1114835" />
  </i>
  <i t="MQMD Header properties (output signature)">
   <j l="ScreenLevelHelp16.html#wp1114963" />
  </i>
  <i t="parameters defined">
   <j l="ScreenLevelHelp16.html#wp1114711" />
  </i>
 </i>
 <i t="listeners">
  <i t="configuring">
   <j l="ScreenLevelHelp8.html#wp1111108" />
  </i>
  <i t="copying">
   <j l="ScreenLevelHelp8.html#wp1111124" />
  </i>
  <i t="editing">
   <j l="ScreenLevelHelp8.html#wp1111116" />
  </i>
  <i t="parameters defined">
   <j l="ScreenLevelHelp8.html#wp1124556" />
  </i>
  <i t="viewing">
   <j l="ScreenLevelHelp8.html#wp1111120" />
  </i>
 </i>
 <i t="notification order">
  <i t="editing">
   <j l="ScreenLevelHelp9.html#wp1110887" />
  </i>
  <i t="viewing">
   <j l="ScreenLevelHelp10.html#wp1111425" />
  </i>
 </i>
 <i t="Peek service">
  <i t="defined">
   <j l="ScreenLevelHelp17.html#wp1109073" />
  </i>
  <i t="JMS properties">
   <j l="ScreenLevelHelp17.html#wp1115693" />
  </i>
  <i t="MQMD Header properties (input signature)">
   <j l="ScreenLevelHelp17.html#wp1115438" />
  </i>
  <i t="MQMD Header properties (output signature)">
   <j l="ScreenLevelHelp17.html#wp1115512" />
  </i>
  <i t="parameters defined">
   <j l="ScreenLevelHelp17.html#wp1115326" />
  </i>
 </i>
 <i t="publishable document type">
  <i t="guaranteed">
   <j l="ScreenLevelHelp20.html#wp1116714" />
  </i>
  <i t="volatile">
   <j l="ScreenLevelHelp20.html#wp1116710" />
  </i>
 </i>
 <i t="Put service">
  <i t="defined">
   <j l="ScreenLevelHelp15.html#wp1108897" />
  </i>
  <i t="JMS properties">
   <j l="ScreenLevelHelp15.html#wp1114532" />
  </i>
  <i t="MQMD Header properties">
   <j l="ScreenLevelHelp15.html#wp1120264" />
  </i>
  <i t="parameters defined">
   <j l="ScreenLevelHelp15.html#wp1113456" />
  </i>
 </i>
 <i t="Request/Reply service">
  <i t="considerations for ReplyToQueueManager and ReplyToQueue">
   <j l="ScreenLevelHelp18.html#wp1123707" />
  </i>
  <i t="defined">
   <j l="ScreenLevelHelp18.html#wp1109148" />
  </i>
  <i t="JMS properties">
   <j l="ScreenLevelHelp18.html#wp1125908" />
  </i>
  <i t="MQMD Header properties">
   <j l="ScreenLevelHelp18.html#wp1115954" />
  </i>
  <i t="parameters defined">
   <j l="ScreenLevelHelp18.html#wp1115837" />
  </i>
 </i>
 <i t="synchronous listener notification">
  <i t="defined">
   <j l="ScreenLevelHelp21.html#wp1109732" />
  </i>
  <i t="JMS properties">
   <j l="ScreenLevelHelp21.html#wp1117194" />
  </i>
  <i t="MQMD Header properties">
   <j l="ScreenLevelHelp21.html#wp1116905" />
  </i>
  <i t="properties defined">
   <j l="ScreenLevelHelp21.html#wp1117340" />
  </i>
 </i>
 <i t="WebSphere MQ-Level Tracing">
  <i t="archiving tracing files">
   <j l="ScreenLevelHelp12.html#wp1111985" />
  </i>
  <i t="clearing tracing files">
   <j l="ScreenLevelHelp12.html#wp1111989" />
  </i>
  <i t="enabling and disabling trace status">
   <j l="ScreenLevelHelp12.html#wp1111981" />
  </i>
  <i t="enabling and disabling tracing status">
   <j l="ScreenLevelHelp12.html#wp1111977" />
  </i>
  <i t="parameters defined">
   <i t="23">
    <j l="ScreenLevelHelp12.html#wp1111490" />
   </i>
  </i>
  <i t="refreshing tracing files">
   <j l="ScreenLevelHelp12.html#wp1111993" />
  </i>
  <i t="selecting tracing levels">
   <j l="ScreenLevelHelp12.html#wp1111981" />
  </i>
 </i>
</WebWorksHelpIX>
