<?xml version='1.0' encoding='UTF-8' ?>

<WebWorksHelpTOC version="3.0">
 <i l="Help_Basics.html#wp38550" t="Help Basics">
  <i l="OH_Copyright.html#wp1067881" t="Copyright" />
 </i>
 <i l="ScreenLevelHelp.html#wp1071499" t="Screen Description">
  <i l="ScreenLevelHelp2.html#wp1067363" t="Administrator Screens">
   <i l="ScreenLevelHelp3.html#wp1067368" t="Connections Screen" />
   <i l="ScreenLevelHelp4.html#wp1067709" t="Connection Types Screen" />
   <i l="ScreenLevelHelp5.html#wp1079463" t="Configure, Edit, View, and Copy Connection Screens">
    <i l="ScreenLevelHelp5.html#wp1083070" t="Configure Connection Type Screen" />
    <i l="ScreenLevelHelp5.html#wp1094827" t="Edit Connection Screen" />
    <i l="ScreenLevelHelp5.html#wp1094832" t="View Connection Screen" />
    <i l="ScreenLevelHelp5.html#wp1094836" t="Copy Connection Screen" />
   </i>
   <i l="ScreenLevelHelp6.html#wp1110852" t="Listeners Screen" />
   <i l="ScreenLevelHelp7.html#wp1110868" t="Listener Types Screen" />
   <i l="ScreenLevelHelp8.html#wp1110996" t="Configure, Edit, View, and Copy Listener Screens">
    <i l="ScreenLevelHelp8.html#wp1111108" t="Configure Listener Type Screen" />
    <i l="ScreenLevelHelp8.html#wp1111116" t="Edit Listener Screen" />
    <i l="ScreenLevelHelp8.html#wp1111120" t="View Listener Screen" />
    <i l="ScreenLevelHelp8.html#wp1111124" t="Copy Listener Screen" />
   </i>
   <i l="ScreenLevelHelp9.html#wp1110887" t="Edit Notification Order Screen" />
   <i l="ScreenLevelHelp10.html#wp1111425" t="View Notification Order Screen" />
   <i l="ScreenLevelHelp11.html#wp1111882" t="Listener Notifications Screen" />
   <i l="ScreenLevelHelp12.html#wp1110882" t="WebSphere MQ-Level Trace Console Screen" />
   <i l="ScreenLevelHelp13.html#wp1083206" t="About Screen" />
  </i>
  <i l="ScreenLevelHelp14.html#wp1072352" t="Developer Screens">
   <i l="ScreenLevelHelp15.html#wp1108896" t="Put Service Template Screens">
    <i l="ScreenLevelHelp15.html#wp1108912" t="Put Service Tab" />
    <i l="ScreenLevelHelp15.html#wp1108930" t="MQMD Header Tab" />
    <i l="ScreenLevelHelp15.html#wp1113430" t="JMS Properties Tab" />
   </i>
   <i l="ScreenLevelHelp16.html#wp1125210" t="Get Service Template Screens">
    <i l="ScreenLevelHelp16.html#wp1110456" t="Get Service Tab" />
    <i l="ScreenLevelHelp16.html#wp1110474" t="MQMD Header Tab" />
    <i l="ScreenLevelHelp16.html#wp1113966" t="JMS Properties Tab" />
   </i>
   <i l="ScreenLevelHelp17.html#wp1109072" t="Peek Service Template Screens">
    <i l="ScreenLevelHelp17.html#wp1109088" t="Peek Service Tab" />
    <i l="ScreenLevelHelp17.html#wp1115273" t="MQMD Header Tab" />
    <i l="ScreenLevelHelp17.html#wp1115277" t="JMS Properties Tab" />
   </i>
   <i l="ScreenLevelHelp18.html#wp1109147" t="Request/Reply Service Template Screens">
    <i l="ScreenLevelHelp18.html#wp1115801" t="Request/Reply Service Tab" />
    <i l="ScreenLevelHelp18.html#wp1110512" t="MQMD Header Tab" />
    <i l="ScreenLevelHelp18.html#wp1115781" t="JMS Properties Tab" />
   </i>
   <i l="ScreenLevelHelp19.html#wp1117928" t="Asynchronous Listener Notification Service Template Screens">
    <i l="ScreenLevelHelp19.html#wp1110684" t="MQMD Header Tab" />
    <i l="ScreenLevelHelp19.html#wp1121400" t="JMS Properties Tab" />
   </i>
   <i l="ScreenLevelHelp20.html#wp1110717" t="Asynchronous Publishable Document Type Screen">
    <i l="ScreenLevelHelp20.html#wp1116657" t="Publication Properties" />
   </i>
   <i l="ScreenLevelHelp21.html#wp1109731" t="Synchronous Notification Service Template Screens">
    <i l="ScreenLevelHelp21.html#wp1110532" t="MQMD Header Tab" />
    <i l="ScreenLevelHelp21.html#wp1109764" t="JMS Properties Tab" />
    <i l="ScreenLevelHelp21.html#wp1116350" t="Adapter Settings Tab" />
   </i>
  </i>
 </i>
</WebWorksHelpTOC>
