<?xml version="1.0" encoding="UTF-8"?>

<FLOW VERSION="3.0" CLEANUP="true">
  <COMMENT>S106</COMMENT>

  <!-- nodes -->

<SEQUENCE TIMEOUT="" EXIT-ON="SUCCESS">
  <COMMENT>S103</COMMENT>

  <!-- nodes -->

<BRANCH TIMEOUT="" SWITCH="/finIData/B4/16R:SETTRAN/35B:">
  <COMMENT></COMMENT>

  <!-- nodes -->

<SEQUENCE NAME="$null" TIMEOUT="" EXIT-ON="FAILURE">
  <COMMENT></COMMENT>
</SEQUENCE>

<SEQUENCE NAME="$default" TIMEOUT="" EXIT-ON="FAILURE">
  <COMMENT></COMMENT>

  <!-- nodes -->

<INVOKE TIMEOUT="" SERVICE="wm.fin.marketPractice.nov02:S103Rule" VALIDATE-IN="$none" VALIDATE-OUT="$none">
  <COMMENT></COMMENT>

  <!-- nodes -->

<MAP MODE="INPUT">
  <MAPTARGET>

<Values version="2.0">
  <record name="xml" javaclass="com.wm.util.Values">
    <value name="node_type">record</value>
    <value name="field_name">S103MPRuleInput</value>
    <value name="field_type">record</value>
    <value name="field_dim">0</value>
    <value name="nillable">true</value>
    <array name="rec_fields" type="record" depth="1">
      <record javaclass="com.wm.util.Values">
        <value name="node_type">unknown</value>
        <value name="field_name">35B:</value>
        <value name="field_type">string</value>
        <value name="field_dim">0</value>
        <value name="field_opt">true</value>
        <value name="nillable">true</value>
      </record>
      <record javaclass="com.wm.util.Values">
        <value name="node_type">record</value>
        <value name="field_name">errors</value>
        <value name="field_type">record</value>
        <value name="field_dim">1</value>
        <value name="nillable">true</value>
        <list name="rec_fields">
        </list>
      </record>
    </array>
  </record>
</Values>
</MAPTARGET>
  <MAPSOURCE>

<Values version="2.0">
  <record name="xml" javaclass="com.wm.util.Values">
    <value name="node_type">record</value>
    <value name="field_type">record</value>
    <value name="field_dim">0</value>
    <value name="nillable">true</value>
    <array name="rec_fields" type="record" depth="1">
      <record javaclass="com.wm.util.Values">
        <value name="node_type">record</value>
        <value name="field_name">finIData</value>
        <value name="field_type">record</value>
        <value name="field_dim">0</value>
        <value name="nillable">true</value>
        <array name="rec_fields" type="record" depth="1">
          <record javaclass="com.wm.util.Values">
            <value name="node_type">record</value>
            <value name="field_name">B1</value>
            <value name="field_type">record</value>
            <value name="field_dim">0</value>
            <value name="nillable">true</value>
            <list name="rec_fields">
            </list>
            <value name="rec_closed">true</value>
          </record>
          <record javaclass="com.wm.util.Values">
            <value name="node_type">record</value>
            <value name="field_name">B2</value>
            <value name="field_type">record</value>
            <value name="field_dim">0</value>
            <value name="nillable">true</value>
            <list name="rec_fields">
            </list>
            <value name="rec_closed">true</value>
          </record>
          <record javaclass="com.wm.util.Values">
            <value name="node_type">record</value>
            <value name="field_name">B3</value>
            <value name="field_type">record</value>
            <value name="field_dim">0</value>
            <value name="nillable">true</value>
            <list name="rec_fields">
            </list>
            <value name="rec_closed">true</value>
          </record>
          <record javaclass="com.wm.util.Values">
            <value name="node_type">record</value>
            <value name="field_name">B4</value>
            <value name="field_type">record</value>
            <value name="field_dim">0</value>
            <value name="nillable">true</value>
            <array name="rec_fields" type="record" depth="1">
              <record javaclass="com.wm.util.Values">
                <value name="node_type">record</value>
                <value name="field_name">16R:GENL</value>
                <value name="field_type">record</value>
                <value name="field_dim">0</value>
                <value name="nillable">true</value>
                <list name="rec_fields">
                </list>
                <value name="rec_closed">true</value>
              </record>
              <record javaclass="com.wm.util.Values">
                <value name="node_type">record</value>
                <value name="field_name">16R:SETTRAN</value>
                <value name="field_type">record</value>
                <value name="field_dim">0</value>
                <value name="field_opt">true</value>
                <value name="nillable">true</value>
                <array name="rec_fields" type="record" depth="1">
                  <record javaclass="com.wm.util.Values">
                    <value name="node_type">unknown</value>
                    <value name="field_name">35B:</value>
                    <value name="field_type">string</value>
                    <value name="field_dim">0</value>
                    <value name="nillable">true</value>
                  </record>
                  <record javaclass="com.wm.util.Values">
                    <value name="node_type">unknown</value>
                    <value name="field_name">36B::SETT</value>
                    <value name="field_type">string</value>
                    <value name="field_dim">0</value>
                    <value name="nillable">true</value>
                  </record>
                  <record javaclass="com.wm.util.Values">
                    <value name="node_type">record</value>
                    <value name="field_name">SB1</value>
                    <value name="field_type">record</value>
                    <value name="field_dim">1</value>
                    <value name="field_opt">true</value>
                    <value name="nillable">true</value>
                    <list name="rec_fields">
                    </list>
                    <value name="rec_closed">true</value>
                  </record>
                  <record javaclass="com.wm.util.Values">
                    <value name="node_type">unknown</value>
                    <value name="field_name">97A::SAFE</value>
                    <value name="field_type">string</value>
                    <value name="field_dim">0</value>
                    <value name="nillable">true</value>
                  </record>
                  <record javaclass="com.wm.util.Values">
                    <value name="node_type">unknown</value>
                    <value name="field_name">97B::SAFE</value>
                    <value name="field_type">string</value>
                    <value name="field_dim">0</value>
                    <value name="nillable">true</value>
                  </record>
                  <record javaclass="com.wm.util.Values">
                    <value name="node_type">record</value>
                    <value name="field_name">SB2</value>
                    <value name="field_type">record</value>
                    <value name="field_dim">1</value>
                    <value name="nillable">true</value>
                    <list name="rec_fields">
                    </list>
                    <value name="rec_closed">true</value>
                  </record>
                  <record javaclass="com.wm.util.Values">
                    <value name="node_type">record</value>
                    <value name="field_name">SB3</value>
                    <value name="field_type">record</value>
                    <value name="field_dim">1</value>
                    <value name="nillable">true</value>
                    <list name="rec_fields">
                    </list>
                    <value name="rec_closed">true</value>
                  </record>
                  <record javaclass="com.wm.util.Values">
                    <value name="node_type">unknown</value>
                    <value name="field_name">70E::SPRO</value>
                    <value name="field_type">string</value>
                    <value name="field_dim">0</value>
                    <value name="field_opt">true</value>
                    <value name="nillable">true</value>
                  </record>
                  <record javaclass="com.wm.util.Values">
                    <value name="node_type">record</value>
                    <value name="field_name">16R:SETPRTY</value>
                    <value name="field_type">record</value>
                    <value name="field_dim">1</value>
                    <value name="field_opt">true</value>
                    <value name="nillable">true</value>
                    <list name="rec_fields">
                    </list>
                    <value name="rec_closed">true</value>
                  </record>
                </array>
                <value name="rec_closed">true</value>
              </record>
              <record javaclass="com.wm.util.Values">
                <value name="node_type">record</value>
                <value name="field_name">16R:ADDINFO</value>
                <value name="field_type">record</value>
                <value name="field_dim">0</value>
                <value name="field_opt">true</value>
                <value name="nillable">true</value>
                <list name="rec_fields">
                </list>
                <value name="rec_closed">true</value>
              </record>
            </array>
            <value name="rec_closed">true</value>
          </record>
          <record javaclass="com.wm.util.Values">
            <value name="node_type">record</value>
            <value name="field_name">B5</value>
            <value name="field_type">record</value>
            <value name="field_dim">0</value>
            <value name="nillable">true</value>
            <list name="rec_fields">
            </list>
            <value name="rec_closed">true</value>
          </record>
        </array>
        <value name="rec_closed">true</value>
      </record>
      <record javaclass="com.wm.util.Values">
        <value name="node_type">record</value>
        <value name="node_comment"></value>
        <record name="node_hints" javaclass="com.wm.util.Values">
          <value name="field_largerEditor">false</value>
          <value name="field_password">false</value>
        </record>
        <value name="field_name">errors</value>
        <value name="field_type">record</value>
        <value name="field_dim">1</value>
        <value name="field_opt">true</value>
        <value name="nillable">true</value>
        <list name="rec_fields">
        </list>
        <value name="rec_closed">true</value>
      </record>
    </array>
  </record>
</Values>
</MAPSOURCE>

  <!-- nodes -->

<MAPCOPY NAME="Link" FROM="/finIData;2;0/B4;2;0/16R:SETTRAN;2;0/35B:;1;0" TO="/35B:;1;0">
</MAPCOPY>
</MAP>

<MAP MODE="OUTPUT">
  <MAPTARGET>

<Values version="2.0">
  <record name="xml" javaclass="com.wm.util.Values">
    <value name="node_type">record</value>
    <value name="field_type">record</value>
    <value name="field_dim">0</value>
    <value name="nillable">true</value>
    <array name="rec_fields" type="record" depth="1">
      <record javaclass="com.wm.util.Values">
        <value name="node_type">unknown</value>
        <value name="field_name">35B:</value>
        <value name="field_type">string</value>
        <value name="field_dim">0</value>
        <value name="nillable">true</value>
      </record>
      <record javaclass="com.wm.util.Values">
        <value name="node_type">record</value>
        <value name="field_name">finIData</value>
        <value name="field_type">record</value>
        <value name="field_dim">0</value>
        <value name="nillable">true</value>
        <list name="rec_fields">
        </list>
        <value name="rec_closed">true</value>
      </record>
      <record javaclass="com.wm.util.Values">
        <value name="node_type">record</value>
        <value name="node_comment"></value>
        <record name="node_hints" javaclass="com.wm.util.Values">
          <value name="field_largerEditor">false</value>
          <value name="field_password">false</value>
        </record>
        <value name="field_name">errors</value>
        <value name="field_type">record</value>
        <value name="field_dim">1</value>
        <value name="field_opt">true</value>
        <value name="nillable">true</value>
        <list name="rec_fields">
        </list>
        <value name="rec_closed">true</value>
      </record>
    </array>
  </record>
</Values>
</MAPTARGET>
  <MAPSOURCE>

<Values version="2.0">
  <record name="xml" javaclass="com.wm.util.Values">
    <value name="node_type">record</value>
    <value name="field_name">S103MPRuleOutput</value>
    <value name="field_type">record</value>
    <value name="field_dim">0</value>
    <value name="nillable">true</value>
    <list name="rec_fields">
    </list>
  </record>
</Values>
</MAPSOURCE>

  <!-- nodes -->

<MAPDELETE NAME="Dropper" FIELD="/35B:;1;0">
</MAPDELETE>
</MAP>
</INVOKE>
</SEQUENCE>
</BRANCH>
</SEQUENCE>

<SEQUENCE TIMEOUT="" EXIT-ON="SUCCESS">
  <COMMENT>S106</COMMENT>

  <!-- nodes -->

<INVOKE TIMEOUT="" SERVICE="wm.fin.marketPractice.nov02:S106Rule" VALIDATE-IN="$none" VALIDATE-OUT="$none">
  <COMMENT></COMMENT>

  <!-- nodes -->

<MAP MODE="INPUT">
  <MAPTARGET>

<Values version="2.0">
  <record name="xml" javaclass="com.wm.util.Values">
    <value name="node_type">record</value>
    <value name="field_type">record</value>
    <value name="field_dim">0</value>
    <value name="nillable">true</value>
    <array name="rec_fields" type="record" depth="1">
      <record javaclass="com.wm.util.Values">
        <value name="node_type">record</value>
        <value name="field_name">16R:SETPRTY</value>
        <value name="field_type">record</value>
        <value name="field_dim">1</value>
        <value name="nillable">true</value>
        <array name="rec_fields" type="record" depth="1">
          <record javaclass="com.wm.util.Values">
            <value name="node_type">record</value>
            <value name="field_name">SB1</value>
            <value name="field_type">record</value>
            <value name="field_dim">1</value>
            <value name="nillable">true</value>
            <list name="rec_fields">
            </list>
            <value name="rec_closed">true</value>
          </record>
        </array>
        <value name="rec_closed">true</value>
      </record>
      <record javaclass="com.wm.util.Values">
        <value name="node_type">record</value>
        <value name="field_name">errors</value>
        <value name="field_type">record</value>
        <value name="field_dim">1</value>
        <value name="nillable">true</value>
        <list name="rec_fields">
        </list>
      </record>
    </array>
  </record>
</Values>
</MAPTARGET>
  <MAPSOURCE>

<Values version="2.0">
  <record name="xml" javaclass="com.wm.util.Values">
    <value name="node_type">record</value>
    <value name="field_type">record</value>
    <value name="field_dim">0</value>
    <value name="nillable">true</value>
    <array name="rec_fields" type="record" depth="1">
      <record javaclass="com.wm.util.Values">
        <value name="node_type">record</value>
        <value name="field_name">finIData</value>
        <value name="field_type">record</value>
        <value name="field_dim">0</value>
        <value name="nillable">true</value>
        <array name="rec_fields" type="record" depth="1">
          <record javaclass="com.wm.util.Values">
            <value name="node_type">record</value>
            <value name="field_name">B1</value>
            <value name="field_type">record</value>
            <value name="field_dim">0</value>
            <value name="nillable">true</value>
            <list name="rec_fields">
            </list>
            <value name="rec_closed">true</value>
          </record>
          <record javaclass="com.wm.util.Values">
            <value name="node_type">record</value>
            <value name="field_name">B2</value>
            <value name="field_type">record</value>
            <value name="field_dim">0</value>
            <value name="nillable">true</value>
            <list name="rec_fields">
            </list>
            <value name="rec_closed">true</value>
          </record>
          <record javaclass="com.wm.util.Values">
            <value name="node_type">record</value>
            <value name="field_name">B3</value>
            <value name="field_type">record</value>
            <value name="field_dim">0</value>
            <value name="nillable">true</value>
            <list name="rec_fields">
            </list>
            <value name="rec_closed">true</value>
          </record>
          <record javaclass="com.wm.util.Values">
            <value name="node_type">record</value>
            <value name="field_name">B4</value>
            <value name="field_type">record</value>
            <value name="field_dim">0</value>
            <value name="nillable">true</value>
            <array name="rec_fields" type="record" depth="1">
              <record javaclass="com.wm.util.Values">
                <value name="node_type">record</value>
                <value name="field_name">16R:GENL</value>
                <value name="field_type">record</value>
                <value name="field_dim">0</value>
                <value name="nillable">true</value>
                <list name="rec_fields">
                </list>
                <value name="rec_closed">true</value>
              </record>
              <record javaclass="com.wm.util.Values">
                <value name="node_type">record</value>
                <value name="field_name">16R:SETTRAN</value>
                <value name="field_type">record</value>
                <value name="field_dim">0</value>
                <value name="field_opt">true</value>
                <value name="nillable">true</value>
                <array name="rec_fields" type="record" depth="1">
                  <record javaclass="com.wm.util.Values">
                    <value name="node_type">unknown</value>
                    <value name="field_name">35B:</value>
                    <value name="field_type">string</value>
                    <value name="field_dim">0</value>
                    <value name="nillable">true</value>
                  </record>
                  <record javaclass="com.wm.util.Values">
                    <value name="node_type">unknown</value>
                    <value name="field_name">36B::SETT</value>
                    <value name="field_type">string</value>
                    <value name="field_dim">0</value>
                    <value name="nillable">true</value>
                  </record>
                  <record javaclass="com.wm.util.Values">
                    <value name="node_type">record</value>
                    <value name="field_name">SB1</value>
                    <value name="field_type">record</value>
                    <value name="field_dim">1</value>
                    <value name="field_opt">true</value>
                    <value name="nillable">true</value>
                    <list name="rec_fields">
                    </list>
                    <value name="rec_closed">true</value>
                  </record>
                  <record javaclass="com.wm.util.Values">
                    <value name="node_type">unknown</value>
                    <value name="field_name">97A::SAFE</value>
                    <value name="field_type">string</value>
                    <value name="field_dim">0</value>
                    <value name="nillable">true</value>
                  </record>
                  <record javaclass="com.wm.util.Values">
                    <value name="node_type">unknown</value>
                    <value name="field_name">97B::SAFE</value>
                    <value name="field_type">string</value>
                    <value name="field_dim">0</value>
                    <value name="nillable">true</value>
                  </record>
                  <record javaclass="com.wm.util.Values">
                    <value name="node_type">record</value>
                    <value name="field_name">SB2</value>
                    <value name="field_type">record</value>
                    <value name="field_dim">1</value>
                    <value name="nillable">true</value>
                    <list name="rec_fields">
                    </list>
                    <value name="rec_closed">true</value>
                  </record>
                  <record javaclass="com.wm.util.Values">
                    <value name="node_type">record</value>
                    <value name="field_name">SB3</value>
                    <value name="field_type">record</value>
                    <value name="field_dim">1</value>
                    <value name="nillable">true</value>
                    <list name="rec_fields">
                    </list>
                    <value name="rec_closed">true</value>
                  </record>
                  <record javaclass="com.wm.util.Values">
                    <value name="node_type">unknown</value>
                    <value name="field_name">70E::SPRO</value>
                    <value name="field_type">string</value>
                    <value name="field_dim">0</value>
                    <value name="field_opt">true</value>
                    <value name="nillable">true</value>
                  </record>
                  <record javaclass="com.wm.util.Values">
                    <value name="node_type">record</value>
                    <value name="field_name">16R:SETPRTY</value>
                    <value name="field_type">record</value>
                    <value name="field_dim">1</value>
                    <value name="field_opt">true</value>
                    <value name="nillable">true</value>
                    <array name="rec_fields" type="record" depth="1">
                      <record javaclass="com.wm.util.Values">
                        <value name="node_type">unknown</value>
                        <value name="field_name">95P::BUYR</value>
                        <value name="field_type">string</value>
                        <value name="field_dim">0</value>
                        <value name="field_opt">true</value>
                        <value name="nillable">true</value>
                      </record>
                      <record javaclass="com.wm.util.Values">
                        <value name="node_type">unknown</value>
                        <value name="field_name">95P::DEAG</value>
                        <value name="field_type">string</value>
                        <value name="field_dim">0</value>
                        <value name="field_opt">true</value>
                        <value name="nillable">true</value>
                      </record>
                      <record javaclass="com.wm.util.Values">
                        <value name="node_type">unknown</value>
                        <value name="field_name">95P::DECU</value>
                        <value name="field_type">string</value>
                        <value name="field_dim">0</value>
                        <value name="field_opt">true</value>
                        <value name="nillable">true</value>
                      </record>
                      <record javaclass="com.wm.util.Values">
                        <value name="node_type">unknown</value>
                        <value name="field_name">95P::DEI1</value>
                        <value name="field_type">string</value>
                        <value name="field_dim">0</value>
                        <value name="field_opt">true</value>
                        <value name="nillable">true</value>
                      </record>
                      <record javaclass="com.wm.util.Values">
                        <value name="node_type">unknown</value>
                        <value name="field_name">95P::DEI2</value>
                        <value name="field_type">string</value>
                        <value name="field_dim">0</value>
                        <value name="field_opt">true</value>
                        <value name="nillable">true</value>
                      </record>
                      <record javaclass="com.wm.util.Values">
                        <value name="node_type">unknown</value>
                        <value name="field_name">95P::DEI3</value>
                        <value name="field_type">string</value>
                        <value name="field_dim">0</value>
                        <value name="field_opt">true</value>
                        <value name="nillable">true</value>
                      </record>
                      <record javaclass="com.wm.util.Values">
                        <value name="node_type">unknown</value>
                        <value name="field_name">95P::DEI4</value>
                        <value name="field_type">string</value>
                        <value name="field_dim">0</value>
                        <value name="field_opt">true</value>
                        <value name="nillable">true</value>
                      </record>
                      <record javaclass="com.wm.util.Values">
                        <value name="node_type">unknown</value>
                        <value name="field_name">95P::DEI5</value>
                        <value name="field_type">string</value>
                        <value name="field_dim">0</value>
                        <value name="field_opt">true</value>
                        <value name="nillable">true</value>
                      </record>
                      <record javaclass="com.wm.util.Values">
                        <value name="node_type">unknown</value>
                        <value name="field_name">95P::DEI6</value>
                        <value name="field_type">string</value>
                        <value name="field_dim">0</value>
                        <value name="field_opt">true</value>
                        <value name="nillable">true</value>
                      </record>
                      <record javaclass="com.wm.util.Values">
                        <value name="node_type">unknown</value>
                        <value name="field_name">95P::DEI7</value>
                        <value name="field_type">string</value>
                        <value name="field_dim">0</value>
                        <value name="field_opt">true</value>
                        <value name="nillable">true</value>
                      </record>
                      <record javaclass="com.wm.util.Values">
                        <value name="node_type">unknown</value>
                        <value name="field_name">95P::DEI8</value>
                        <value name="field_type">string</value>
                        <value name="field_dim">0</value>
                        <value name="field_opt">true</value>
                        <value name="nillable">true</value>
                      </record>
                      <record javaclass="com.wm.util.Values">
                        <value name="node_type">unknown</value>
                        <value name="field_name">95P::DEI9</value>
                        <value name="field_type">string</value>
                        <value name="field_dim">0</value>
                        <value name="field_opt">true</value>
                        <value name="nillable">true</value>
                      </record>
                      <record javaclass="com.wm.util.Values">
                        <value name="node_type">unknown</value>
                        <value name="field_name">95P::PSET</value>
                        <value name="field_type">string</value>
                        <value name="field_dim">0</value>
                        <value name="field_opt">true</value>
                        <value name="nillable">true</value>
                      </record>
                      <record javaclass="com.wm.util.Values">
                        <value name="node_type">unknown</value>
                        <value name="field_name">95P::REAG</value>
                        <value name="field_type">string</value>
                        <value name="field_dim">0</value>
                        <value name="field_opt">true</value>
                        <value name="nillable">true</value>
                      </record>
                      <record javaclass="com.wm.util.Values">
                        <value name="node_type">unknown</value>
                        <value name="field_name">95P::RECU</value>
                        <value name="field_type">string</value>
                        <value name="field_dim">0</value>
                        <value name="field_opt">true</value>
                        <value name="nillable">true</value>
                      </record>
                      <record javaclass="com.wm.util.Values">
                        <value name="node_type">unknown</value>
                        <value name="field_name">95P::REI1</value>
                        <value name="field_type">string</value>
                        <value name="field_dim">0</value>
                        <value name="field_opt">true</value>
                        <value name="nillable">true</value>
                      </record>
                      <record javaclass="com.wm.util.Values">
                        <value name="node_type">unknown</value>
                        <value name="field_name">95P::REI2</value>
                        <value name="field_type">string</value>
                        <value name="field_dim">0</value>
                        <value name="field_opt">true</value>
                        <value name="nillable">true</value>
                      </record>
                      <record javaclass="com.wm.util.Values">
                        <value name="node_type">unknown</value>
                        <value name="field_name">95P::REI3</value>
                        <value name="field_type">string</value>
                        <value name="field_dim">0</value>
                        <value name="field_opt">true</value>
                        <value name="nillable">true</value>
                      </record>
                      <record javaclass="com.wm.util.Values">
                        <value name="node_type">unknown</value>
                        <value name="field_name">95P::REI4</value>
                        <value name="field_type">string</value>
                        <value name="field_dim">0</value>
                        <value name="field_opt">true</value>
                        <value name="nillable">true</value>
                      </record>
                      <record javaclass="com.wm.util.Values">
                        <value name="node_type">unknown</value>
                        <value name="field_name">95P::REI5</value>
                        <value name="field_type">string</value>
                        <value name="field_dim">0</value>
                        <value name="field_opt">true</value>
                        <value name="nillable">true</value>
                      </record>
                      <record javaclass="com.wm.util.Values">
                        <value name="node_type">unknown</value>
                        <value name="field_name">95P::REI6</value>
                        <value name="field_type">string</value>
                        <value name="field_dim">0</value>
                        <value name="field_opt">true</value>
                        <value name="nillable">true</value>
                      </record>
                      <record javaclass="com.wm.util.Values">
                        <value name="node_type">unknown</value>
                        <value name="field_name">95P::REI7</value>
                        <value name="field_type">string</value>
                        <value name="field_dim">0</value>
                        <value name="field_opt">true</value>
                        <value name="nillable">true</value>
                      </record>
                      <record javaclass="com.wm.util.Values">
                        <value name="node_type">unknown</value>
                        <value name="field_name">95P::REI8</value>
                        <value name="field_type">string</value>
                        <value name="field_dim">0</value>
                        <value name="field_opt">true</value>
                        <value name="nillable">true</value>
                      </record>
                      <record javaclass="com.wm.util.Values">
                        <value name="node_type">unknown</value>
                        <value name="field_name">95P::REI9</value>
                        <value name="field_type">string</value>
                        <value name="field_dim">0</value>
                        <value name="field_opt">true</value>
                        <value name="nillable">true</value>
                      </record>
                      <record javaclass="com.wm.util.Values">
                        <value name="node_type">unknown</value>
                        <value name="field_name">95P::SELL</value>
                        <value name="field_type">string</value>
                        <value name="field_dim">0</value>
                        <value name="field_opt">true</value>
                        <value name="nillable">true</value>
                      </record>
                      <record javaclass="com.wm.util.Values">
                        <value name="node_type">unknown</value>
                        <value name="field_name">95R::BUYR</value>
                        <value name="field_type">string</value>
                        <value name="field_dim">0</value>
                        <value name="field_opt">true</value>
                        <value name="nillable">true</value>
                      </record>
                      <record javaclass="com.wm.util.Values">
                        <value name="node_type">unknown</value>
                        <value name="field_name">95R::DEAG</value>
                        <value name="field_type">string</value>
                        <value name="field_dim">0</value>
                        <value name="field_opt">true</value>
                        <value name="nillable">true</value>
                      </record>
                      <record javaclass="com.wm.util.Values">
                        <value name="node_type">unknown</value>
                        <value name="field_name">95R::DECU</value>
                        <value name="field_type">string</value>
                        <value name="field_dim">0</value>
                        <value name="field_opt">true</value>
                        <value name="nillable">true</value>
                      </record>
                      <record javaclass="com.wm.util.Values">
                        <value name="node_type">unknown</value>
                        <value name="field_name">95R::DEI1</value>
                        <value name="field_type">string</value>
                        <value name="field_dim">0</value>
                        <value name="field_opt">true</value>
                        <value name="nillable">true</value>
                      </record>
                      <record javaclass="com.wm.util.Values">
                        <value name="node_type">unknown</value>
                        <value name="field_name">95R::DEI2</value>
                        <value name="field_type">string</value>
                        <value name="field_dim">0</value>
                        <value name="field_opt">true</value>
                        <value name="nillable">true</value>
                      </record>
                      <record javaclass="com.wm.util.Values">
                        <value name="node_type">unknown</value>
                        <value name="field_name">95R::DEI3</value>
                        <value name="field_type">string</value>
                        <value name="field_dim">0</value>
                        <value name="field_opt">true</value>
                        <value name="nillable">true</value>
                      </record>
                      <record javaclass="com.wm.util.Values">
                        <value name="node_type">unknown</value>
                        <value name="field_name">95R::DEI4</value>
                        <value name="field_type">string</value>
                        <value name="field_dim">0</value>
                        <value name="field_opt">true</value>
                        <value name="nillable">true</value>
                      </record>
                      <record javaclass="com.wm.util.Values">
                        <value name="node_type">unknown</value>
                        <value name="field_name">95R::DEI5</value>
                        <value name="field_type">string</value>
                        <value name="field_dim">0</value>
                        <value name="field_opt">true</value>
                        <value name="nillable">true</value>
                      </record>
                      <record javaclass="com.wm.util.Values">
                        <value name="node_type">unknown</value>
                        <value name="field_name">95R::DEI6</value>
                        <value name="field_type">string</value>
                        <value name="field_dim">0</value>
                        <value name="field_opt">true</value>
                        <value name="nillable">true</value>
                      </record>
                      <record javaclass="com.wm.util.Values">
                        <value name="node_type">unknown</value>
                        <value name="field_name">95R::DEI7</value>
                        <value name="field_type">string</value>
                        <value name="field_dim">0</value>
                        <value name="field_opt">true</value>
                        <value name="nillable">true</value>
                      </record>
                      <record javaclass="com.wm.util.Values">
                        <value name="node_type">unknown</value>
                        <value name="field_name">95R::DEI8</value>
                        <value name="field_type">string</value>
                        <value name="field_dim">0</value>
                        <value name="field_opt">true</value>
                        <value name="nillable">true</value>
                      </record>
                      <record javaclass="com.wm.util.Values">
                        <value name="node_type">unknown</value>
                        <value name="field_name">95R::DEI9</value>
                        <value name="field_type">string</value>
                        <value name="field_dim">0</value>
                        <value name="field_opt">true</value>
                        <value name="nillable">true</value>
                      </record>
                      <record javaclass="com.wm.util.Values">
                        <value name="node_type">unknown</value>
                        <value name="field_name">95R::PSET</value>
                        <value name="field_type">string</value>
                        <value name="field_dim">0</value>
                        <value name="field_opt">true</value>
                        <value name="nillable">true</value>
                      </record>
                      <record javaclass="com.wm.util.Values">
                        <value name="node_type">unknown</value>
                        <value name="field_name">95R::REAG</value>
                        <value name="field_type">string</value>
                        <value name="field_dim">0</value>
                        <value name="field_opt">true</value>
                        <value name="nillable">true</value>
                      </record>
                      <record javaclass="com.wm.util.Values">
                        <value name="node_type">unknown</value>
                        <value name="field_name">95R::RECU</value>
                        <value name="field_type">string</value>
                        <value name="field_dim">0</value>
                        <value name="field_opt">true</value>
                        <value name="nillable">true</value>
                      </record>
                      <record javaclass="com.wm.util.Values">
                        <value name="node_type">unknown</value>
                        <value name="field_name">95R::REI1</value>
                        <value name="field_type">string</value>
                        <value name="field_dim">0</value>
                        <value name="field_opt">true</value>
                        <value name="nillable">true</value>
                      </record>
                      <record javaclass="com.wm.util.Values">
                        <value name="node_type">unknown</value>
                        <value name="field_name">95R::REI2</value>
                        <value name="field_type">string</value>
                        <value name="field_dim">0</value>
                        <value name="field_opt">true</value>
                        <value name="nillable">true</value>
                      </record>
                      <record javaclass="com.wm.util.Values">
                        <value name="node_type">unknown</value>
                        <value name="field_name">95R::REI3</value>
                        <value name="field_type">string</value>
                        <value name="field_dim">0</value>
                        <value name="field_opt">true</value>
                        <value name="nillable">true</value>
                      </record>
                      <record javaclass="com.wm.util.Values">
                        <value name="node_type">unknown</value>
                        <value name="field_name">95R::REI4</value>
                        <value name="field_type">string</value>
                        <value name="field_dim">0</value>
                        <value name="field_opt">true</value>
                        <value name="nillable">true</value>
                      </record>
                      <record javaclass="com.wm.util.Values">
                        <value name="node_type">unknown</value>
                        <value name="field_name">95R::REI5</value>
                        <value name="field_type">string</value>
                        <value name="field_dim">0</value>
                        <value name="field_opt">true</value>
                        <value name="nillable">true</value>
                      </record>
                      <record javaclass="com.wm.util.Values">
                        <value name="node_type">unknown</value>
                        <value name="field_name">95R::REI6</value>
                        <value name="field_type">string</value>
                        <value name="field_dim">0</value>
                        <value name="field_opt">true</value>
                        <value name="nillable">true</value>
                      </record>
                      <record javaclass="com.wm.util.Values">
                        <value name="node_type">unknown</value>
                        <value name="field_name">95R::REI7</value>
                        <value name="field_type">string</value>
                        <value name="field_dim">0</value>
                        <value name="field_opt">true</value>
                        <value name="nillable">true</value>
                      </record>
                      <record javaclass="com.wm.util.Values">
                        <value name="node_type">unknown</value>
                        <value name="field_name">95R::REI8</value>
                        <value name="field_type">string</value>
                        <value name="field_dim">0</value>
                        <value name="field_opt">true</value>
                        <value name="nillable">true</value>
                      </record>
                      <record javaclass="com.wm.util.Values">
                        <value name="node_type">unknown</value>
                        <value name="field_name">95R::REI9</value>
                        <value name="field_type">string</value>
                        <value name="field_dim">0</value>
                        <value name="field_opt">true</value>
                        <value name="nillable">true</value>
                      </record>
                      <record javaclass="com.wm.util.Values">
                        <value name="node_type">unknown</value>
                        <value name="field_name">95R::SELL</value>
                        <value name="field_type">string</value>
                        <value name="field_dim">0</value>
                        <value name="field_opt">true</value>
                        <value name="nillable">true</value>
                      </record>
                      <record javaclass="com.wm.util.Values">
                        <value name="node_type">unknown</value>
                        <value name="field_name">95Q::BUYR</value>
                        <value name="field_type">string</value>
                        <value name="field_dim">0</value>
                        <value name="field_opt">true</value>
                        <value name="nillable">true</value>
                      </record>
                      <record javaclass="com.wm.util.Values">
                        <value name="node_type">unknown</value>
                        <value name="field_name">95Q::DEAG</value>
                        <value name="field_type">string</value>
                        <value name="field_dim">0</value>
                        <value name="field_opt">true</value>
                        <value name="nillable">true</value>
                      </record>
                      <record javaclass="com.wm.util.Values">
                        <value name="node_type">unknown</value>
                        <value name="field_name">95Q::DECU</value>
                        <value name="field_type">string</value>
                        <value name="field_dim">0</value>
                        <value name="field_opt">true</value>
                        <value name="nillable">true</value>
                      </record>
                      <record javaclass="com.wm.util.Values">
                        <value name="node_type">unknown</value>
                        <value name="field_name">95Q::DEI1</value>
                        <value name="field_type">string</value>
                        <value name="field_dim">0</value>
                        <value name="field_opt">true</value>
                        <value name="nillable">true</value>
                      </record>
                      <record javaclass="com.wm.util.Values">
                        <value name="node_type">unknown</value>
                        <value name="field_name">95Q::DEI2</value>
                        <value name="field_type">string</value>
                        <value name="field_dim">0</value>
                        <value name="field_opt">true</value>
                        <value name="nillable">true</value>
                      </record>
                      <record javaclass="com.wm.util.Values">
                        <value name="node_type">unknown</value>
                        <value name="field_name">95Q::DEI3</value>
                        <value name="field_type">string</value>
                        <value name="field_dim">0</value>
                        <value name="field_opt">true</value>
                        <value name="nillable">true</value>
                      </record>
                      <record javaclass="com.wm.util.Values">
                        <value name="node_type">unknown</value>
                        <value name="field_name">95Q::DEI4</value>
                        <value name="field_type">string</value>
                        <value name="field_dim">0</value>
                        <value name="field_opt">true</value>
                        <value name="nillable">true</value>
                      </record>
                      <record javaclass="com.wm.util.Values">
                        <value name="node_type">unknown</value>
                        <value name="field_name">95Q::DEI5</value>
                        <value name="field_type">string</value>
                        <value name="field_dim">0</value>
                        <value name="field_opt">true</value>
                        <value name="nillable">true</value>
                      </record>
                      <record javaclass="com.wm.util.Values">
                        <value name="node_type">unknown</value>
                        <value name="field_name">95Q::DEI6</value>
                        <value name="field_type">string</value>
                        <value name="field_dim">0</value>
                        <value name="field_opt">true</value>
                        <value name="nillable">true</value>
                      </record>
                      <record javaclass="com.wm.util.Values">
                        <value name="node_type">unknown</value>
                        <value name="field_name">95Q::DEI7</value>
                        <value name="field_type">string</value>
                        <value name="field_dim">0</value>
                        <value name="field_opt">true</value>
                        <value name="nillable">true</value>
                      </record>
                      <record javaclass="com.wm.util.Values">
                        <value name="node_type">unknown</value>
                        <value name="field_name">95Q::DEI8</value>
                        <value name="field_type">string</value>
                        <value name="field_dim">0</value>
                        <value name="field_opt">true</value>
                        <value name="nillable">true</value>
                      </record>
                      <record javaclass="com.wm.util.Values">
                        <value name="node_type">unknown</value>
                        <value name="field_name">95Q::DEI9</value>
                        <value name="field_type">string</value>
                        <value name="field_dim">0</value>
                        <value name="field_opt">true</value>
                        <value name="nillable">true</value>
                      </record>
                      <record javaclass="com.wm.util.Values">
                        <value name="node_type">unknown</value>
                        <value name="field_name">95Q::PSET</value>
                        <value name="field_type">string</value>
                        <value name="field_dim">0</value>
                        <value name="field_opt">true</value>
                        <value name="nillable">true</value>
                      </record>
                      <record javaclass="com.wm.util.Values">
                        <value name="node_type">unknown</value>
                        <value name="field_name">95Q::REAG</value>
                        <value name="field_type">string</value>
                        <value name="field_dim">0</value>
                        <value name="field_opt">true</value>
                        <value name="nillable">true</value>
                      </record>
                      <record javaclass="com.wm.util.Values">
                        <value name="node_type">unknown</value>
                        <value name="field_name">95Q::RECU</value>
                        <value name="field_type">string</value>
                        <value name="field_dim">0</value>
                        <value name="field_opt">true</value>
                        <value name="nillable">true</value>
                      </record>
                      <record javaclass="com.wm.util.Values">
                        <value name="node_type">unknown</value>
                        <value name="field_name">95Q::REI1</value>
                        <value name="field_type">string</value>
                        <value name="field_dim">0</value>
                        <value name="field_opt">true</value>
                        <value name="nillable">true</value>
                      </record>
                      <record javaclass="com.wm.util.Values">
                        <value name="node_type">unknown</value>
                        <value name="field_name">95Q::REI2</value>
                        <value name="field_type">string</value>
                        <value name="field_dim">0</value>
                        <value name="field_opt">true</value>
                        <value name="nillable">true</value>
                      </record>
                      <record javaclass="com.wm.util.Values">
                        <value name="node_type">unknown</value>
                        <value name="field_name">95Q::REI3</value>
                        <value name="field_type">string</value>
                        <value name="field_dim">0</value>
                        <value name="field_opt">true</value>
                        <value name="nillable">true</value>
                      </record>
                      <record javaclass="com.wm.util.Values">
                        <value name="node_type">unknown</value>
                        <value name="field_name">95Q::REI4</value>
                        <value name="field_type">string</value>
                        <value name="field_dim">0</value>
                        <value name="field_opt">true</value>
                        <value name="nillable">true</value>
                      </record>
                      <record javaclass="com.wm.util.Values">
                        <value name="node_type">unknown</value>
                        <value name="field_name">95Q::REI5</value>
                        <value name="field_type">string</value>
                        <value name="field_dim">0</value>
                        <value name="field_opt">true</value>
                        <value name="nillable">true</value>
                      </record>
                      <record javaclass="com.wm.util.Values">
                        <value name="node_type">unknown</value>
                        <value name="field_name">95Q::REI6</value>
                        <value name="field_type">string</value>
                        <value name="field_dim">0</value>
                        <value name="field_opt">true</value>
                        <value name="nillable">true</value>
                      </record>
                      <record javaclass="com.wm.util.Values">
                        <value name="node_type">unknown</value>
                        <value name="field_name">95Q::REI7</value>
                        <value name="field_type">string</value>
                        <value name="field_dim">0</value>
                        <value name="field_opt">true</value>
                        <value name="nillable">true</value>
                      </record>
                      <record javaclass="com.wm.util.Values">
                        <value name="node_type">unknown</value>
                        <value name="field_name">95Q::REI8</value>
                        <value name="field_type">string</value>
                        <value name="field_dim">0</value>
                        <value name="field_opt">true</value>
                        <value name="nillable">true</value>
                      </record>
                      <record javaclass="com.wm.util.Values">
                        <value name="node_type">unknown</value>
                        <value name="field_name">95Q::REI9</value>
                        <value name="field_type">string</value>
                        <value name="field_dim">0</value>
                        <value name="field_opt">true</value>
                        <value name="nillable">true</value>
                      </record>
                      <record javaclass="com.wm.util.Values">
                        <value name="node_type">unknown</value>
                        <value name="field_name">95Q::SELL</value>
                        <value name="field_type">string</value>
                        <value name="field_dim">0</value>
                        <value name="field_opt">true</value>
                        <value name="nillable">true</value>
                      </record>
                      <record javaclass="com.wm.util.Values">
                        <value name="node_type">unknown</value>
                        <value name="field_name">95C::PSET</value>
                        <value name="field_type">string</value>
                        <value name="field_dim">0</value>
                        <value name="field_opt">true</value>
                        <value name="nillable">true</value>
                      </record>
                      <record javaclass="com.wm.util.Values">
                        <value name="node_type">unknown</value>
                        <value name="field_name">97A::SAFE</value>
                        <value name="field_type">string</value>
                        <value name="field_dim">0</value>
                        <value name="field_opt">true</value>
                        <value name="nillable">true</value>
                      </record>
                      <record javaclass="com.wm.util.Values">
                        <value name="node_type">unknown</value>
                        <value name="field_name">97B::SAFE</value>
                        <value name="field_type">string</value>
                        <value name="field_dim">0</value>
                        <value name="field_opt">true</value>
                        <value name="nillable">true</value>
                      </record>
                    </array>
                    <value name="rec_closed">true</value>
                  </record>
                </array>
                <value name="rec_closed">true</value>
              </record>
              <record javaclass="com.wm.util.Values">
                <value name="node_type">record</value>
                <value name="field_name">16R:ADDINFO</value>
                <value name="field_type">record</value>
                <value name="field_dim">0</value>
                <value name="field_opt">true</value>
                <value name="nillable">true</value>
                <list name="rec_fields">
                </list>
                <value name="rec_closed">true</value>
              </record>
            </array>
            <value name="rec_closed">true</value>
          </record>
          <record javaclass="com.wm.util.Values">
            <value name="node_type">record</value>
            <value name="field_name">B5</value>
            <value name="field_type">record</value>
            <value name="field_dim">0</value>
            <value name="nillable">true</value>
            <list name="rec_fields">
            </list>
            <value name="rec_closed">true</value>
          </record>
        </array>
        <value name="rec_closed">true</value>
      </record>
      <record javaclass="com.wm.util.Values">
        <value name="node_type">record</value>
        <value name="node_comment"></value>
        <record name="node_hints" javaclass="com.wm.util.Values">
          <value name="field_largerEditor">false</value>
          <value name="field_password">false</value>
        </record>
        <value name="field_name">errors</value>
        <value name="field_type">record</value>
        <value name="field_dim">1</value>
        <value name="field_opt">true</value>
        <value name="nillable">true</value>
        <list name="rec_fields">
        </list>
        <value name="rec_closed">true</value>
      </record>
    </array>
  </record>
</Values>
</MAPSOURCE>

  <!-- nodes -->

<MAPCOPY NAME="Link" FROM="/finIData;2;0/B4;2;0/16R:SETTRAN;2;0/16R:SETPRTY;2;1" TO="/16R:SETPRTY;2;1">
</MAPCOPY>
</MAP>

<MAP MODE="OUTPUT">
  <MAPTARGET>

<Values version="2.0">
  <record name="xml" javaclass="com.wm.util.Values">
    <value name="node_type">record</value>
    <value name="field_type">record</value>
    <value name="field_dim">0</value>
    <value name="nillable">true</value>
    <array name="rec_fields" type="record" depth="1">
      <record javaclass="com.wm.util.Values">
        <value name="node_type">record</value>
        <value name="field_name">16R:SETPRTY</value>
        <value name="field_type">record</value>
        <value name="field_dim">1</value>
        <value name="nillable">true</value>
        <list name="rec_fields">
        </list>
      </record>
      <record javaclass="com.wm.util.Values">
        <value name="node_type">record</value>
        <value name="field_name">finIData</value>
        <value name="field_type">record</value>
        <value name="field_dim">0</value>
        <value name="nillable">true</value>
        <list name="rec_fields">
        </list>
        <value name="rec_closed">true</value>
      </record>
      <record javaclass="com.wm.util.Values">
        <value name="node_type">record</value>
        <value name="node_comment"></value>
        <record name="node_hints" javaclass="com.wm.util.Values">
          <value name="field_largerEditor">false</value>
          <value name="field_password">false</value>
        </record>
        <value name="field_name">errors</value>
        <value name="field_type">record</value>
        <value name="field_dim">1</value>
        <value name="field_opt">true</value>
        <value name="nillable">true</value>
        <list name="rec_fields">
        </list>
        <value name="rec_closed">true</value>
      </record>
    </array>
  </record>
</Values>
</MAPTARGET>
  <MAPSOURCE>

<Values version="2.0">
  <record name="xml" javaclass="com.wm.util.Values">
    <value name="node_type">record</value>
    <value name="field_type">record</value>
    <value name="field_dim">0</value>
    <value name="nillable">true</value>
    <list name="rec_fields">
    </list>
  </record>
</Values>
</MAPSOURCE>

  <!-- nodes -->

<MAPDELETE NAME="Dropper" FIELD="/16R:SETPRTY;2;1">
</MAPDELETE>
</MAP>
</INVOKE>
</SEQUENCE>

<SEQUENCE TIMEOUT="" EXIT-ON="SUCCESS">
  <COMMENT>S117</COMMENT>

  <!-- nodes -->

<INVOKE TIMEOUT="" SERVICE="wm.fin.marketPractice.nov02:S117Rule" VALIDATE-IN="$none" VALIDATE-OUT="$none">
  <COMMENT></COMMENT>

  <!-- nodes -->

<MAP MODE="INPUT">
  <MAPTARGET>

<Values version="2.0">
  <record name="xml" javaclass="com.wm.util.Values">
    <value name="node_type">record</value>
    <value name="field_type">record</value>
    <value name="field_dim">0</value>
    <value name="nillable">true</value>
    <array name="rec_fields" type="record" depth="1">
      <record javaclass="com.wm.util.Values">
        <value name="node_type">record</value>
        <value name="field_name">16R:LINK</value>
        <value name="field_type">record</value>
        <value name="field_dim">1</value>
        <value name="nillable">true</value>
        <array name="rec_fields" type="record" depth="1">
          <record javaclass="com.wm.util.Values">
            <value name="node_type">unknown</value>
            <value name="field_name">20C::RELA</value>
            <value name="field_type">string</value>
            <value name="field_dim">0</value>
            <value name="nillable">true</value>
          </record>
        </array>
        <value name="rec_closed">true</value>
      </record>
      <record javaclass="com.wm.util.Values">
        <value name="node_type">record</value>
        <value name="field_name">errors</value>
        <value name="field_type">record</value>
        <value name="field_dim">1</value>
        <value name="nillable">true</value>
        <list name="rec_fields">
        </list>
        <value name="rec_closed">true</value>
      </record>
    </array>
  </record>
</Values>
</MAPTARGET>
  <MAPSOURCE>

<Values version="2.0">
  <record name="xml" javaclass="com.wm.util.Values">
    <value name="node_type">record</value>
    <value name="field_type">record</value>
    <value name="field_dim">0</value>
    <value name="nillable">true</value>
    <array name="rec_fields" type="record" depth="1">
      <record javaclass="com.wm.util.Values">
        <value name="node_type">record</value>
        <value name="field_name">finIData</value>
        <value name="field_type">record</value>
        <value name="field_dim">0</value>
        <value name="nillable">true</value>
        <array name="rec_fields" type="record" depth="1">
          <record javaclass="com.wm.util.Values">
            <value name="node_type">record</value>
            <value name="field_name">B1</value>
            <value name="field_type">record</value>
            <value name="field_dim">0</value>
            <value name="nillable">true</value>
            <list name="rec_fields">
            </list>
            <value name="rec_closed">true</value>
          </record>
          <record javaclass="com.wm.util.Values">
            <value name="node_type">record</value>
            <value name="field_name">B2</value>
            <value name="field_type">record</value>
            <value name="field_dim">0</value>
            <value name="nillable">true</value>
            <list name="rec_fields">
            </list>
            <value name="rec_closed">true</value>
          </record>
          <record javaclass="com.wm.util.Values">
            <value name="node_type">record</value>
            <value name="field_name">B3</value>
            <value name="field_type">record</value>
            <value name="field_dim">0</value>
            <value name="nillable">true</value>
            <list name="rec_fields">
            </list>
            <value name="rec_closed">true</value>
          </record>
          <record javaclass="com.wm.util.Values">
            <value name="node_type">record</value>
            <value name="field_name">B4</value>
            <value name="field_type">record</value>
            <value name="field_dim">0</value>
            <value name="nillable">true</value>
            <array name="rec_fields" type="record" depth="1">
              <record javaclass="com.wm.util.Values">
                <value name="node_type">record</value>
                <value name="field_name">16R:GENL</value>
                <value name="field_type">record</value>
                <value name="field_dim">0</value>
                <value name="nillable">true</value>
                <array name="rec_fields" type="record" depth="1">
                  <record javaclass="com.wm.util.Values">
                    <value name="node_type">unknown</value>
                    <value name="field_name">20C::SEME</value>
                    <value name="field_type">string</value>
                    <value name="field_dim">0</value>
                    <value name="nillable">true</value>
                  </record>
                  <record javaclass="com.wm.util.Values">
                    <value name="node_type">unknown</value>
                    <value name="field_name">23G:</value>
                    <value name="field_type">string</value>
                    <value name="field_dim">0</value>
                    <value name="nillable">true</value>
                  </record>
                  <record javaclass="com.wm.util.Values">
                    <value name="node_type">unknown</value>
                    <value name="field_name">98A::PREP</value>
                    <value name="field_type">string</value>
                    <value name="field_dim">0</value>
                    <value name="field_opt">true</value>
                    <value name="nillable">true</value>
                  </record>
                  <record javaclass="com.wm.util.Values">
                    <value name="node_type">unknown</value>
                    <value name="field_name">98C::PREP</value>
                    <value name="field_type">string</value>
                    <value name="field_dim">0</value>
                    <value name="field_opt">true</value>
                    <value name="nillable">true</value>
                  </record>
                  <record javaclass="com.wm.util.Values">
                    <value name="node_type">record</value>
                    <value name="field_name">16R:LINK</value>
                    <value name="field_type">record</value>
                    <value name="field_dim">1</value>
                    <value name="nillable">true</value>
                    <array name="rec_fields" type="record" depth="1">
                      <record javaclass="com.wm.util.Values">
                        <value name="node_type">unknown</value>
                        <value name="field_name">13A::LINK</value>
                        <value name="field_type">string</value>
                        <value name="field_dim">0</value>
                        <value name="field_opt">true</value>
                        <value name="nillable">true</value>
                      </record>
                      <record javaclass="com.wm.util.Values">
                        <value name="node_type">unknown</value>
                        <value name="field_name">20C::POOL</value>
                        <value name="field_type">string</value>
                        <value name="field_dim">0</value>
                        <value name="nillable">true</value>
                      </record>
                      <record javaclass="com.wm.util.Values">
                        <value name="node_type">unknown</value>
                        <value name="field_name">20C::PREV</value>
                        <value name="field_type">string</value>
                        <value name="field_dim">0</value>
                        <value name="nillable">true</value>
                      </record>
                      <record javaclass="com.wm.util.Values">
                        <value name="node_type">unknown</value>
                        <value name="field_name">20C::RELA</value>
                        <value name="field_type">string</value>
                        <value name="field_dim">0</value>
                        <value name="nillable">true</value>
                      </record>
                      <record javaclass="com.wm.util.Values">
                        <value name="node_type">unknown</value>
                        <value name="field_name">20C::TRRF</value>
                        <value name="field_type">string</value>
                        <value name="field_dim">0</value>
                        <value name="nillable">true</value>
                      </record>
                      <record javaclass="com.wm.util.Values">
                        <value name="node_type">unknown</value>
                        <value name="field_name">20C::COMM</value>
                        <value name="field_type">string</value>
                        <value name="field_dim">0</value>
                        <value name="nillable">true</value>
                      </record>
                    </array>
                    <value name="rec_closed">true</value>
                  </record>
                  <record javaclass="com.wm.util.Values">
                    <value name="node_type">record</value>
                    <value name="field_name">16R:STAT</value>
                    <value name="field_type">record</value>
                    <value name="field_dim">1</value>
                    <value name="nillable">true</value>
                    <list name="rec_fields">
                    </list>
                    <value name="rec_closed">true</value>
                  </record>
                </array>
                <value name="rec_closed">true</value>
              </record>
              <record javaclass="com.wm.util.Values">
                <value name="node_type">record</value>
                <value name="field_name">16R:SETTRAN</value>
                <value name="field_type">record</value>
                <value name="field_dim">0</value>
                <value name="field_opt">true</value>
                <value name="nillable">true</value>
                <list name="rec_fields">
                </list>
                <value name="rec_closed">true</value>
              </record>
              <record javaclass="com.wm.util.Values">
                <value name="node_type">record</value>
                <value name="field_name">16R:ADDINFO</value>
                <value name="field_type">record</value>
                <value name="field_dim">0</value>
                <value name="field_opt">true</value>
                <value name="nillable">true</value>
                <list name="rec_fields">
                </list>
                <value name="rec_closed">true</value>
              </record>
            </array>
            <value name="rec_closed">true</value>
          </record>
          <record javaclass="com.wm.util.Values">
            <value name="node_type">record</value>
            <value name="field_name">B5</value>
            <value name="field_type">record</value>
            <value name="field_dim">0</value>
            <value name="nillable">true</value>
            <list name="rec_fields">
            </list>
            <value name="rec_closed">true</value>
          </record>
        </array>
        <value name="rec_closed">true</value>
      </record>
      <record javaclass="com.wm.util.Values">
        <value name="node_type">record</value>
        <value name="node_comment"></value>
        <record name="node_hints" javaclass="com.wm.util.Values">
          <value name="field_largerEditor">false</value>
          <value name="field_password">false</value>
        </record>
        <value name="field_name">errors</value>
        <value name="field_type">record</value>
        <value name="field_dim">1</value>
        <value name="field_opt">true</value>
        <value name="nillable">true</value>
        <list name="rec_fields">
        </list>
        <value name="rec_closed">true</value>
      </record>
    </array>
  </record>
</Values>
</MAPSOURCE>

  <!-- nodes -->

<MAPCOPY NAME="Link" FROM="/finIData;2;0/B4;2;0/16R:GENL;2;0/16R:LINK;2;1" TO="/16R:LINK;2;1">
</MAPCOPY>
</MAP>

<MAP MODE="OUTPUT">
  <MAPTARGET>

<Values version="2.0">
  <record name="xml" javaclass="com.wm.util.Values">
    <value name="node_type">record</value>
    <value name="field_type">record</value>
    <value name="field_dim">0</value>
    <value name="nillable">true</value>
    <array name="rec_fields" type="record" depth="1">
      <record javaclass="com.wm.util.Values">
        <value name="node_type">record</value>
        <value name="field_name">16R:LINK</value>
        <value name="field_type">record</value>
        <value name="field_dim">1</value>
        <value name="nillable">true</value>
        <list name="rec_fields">
        </list>
      </record>
      <record javaclass="com.wm.util.Values">
        <value name="node_type">record</value>
        <value name="field_name">finIData</value>
        <value name="field_type">record</value>
        <value name="field_dim">0</value>
        <value name="nillable">true</value>
        <list name="rec_fields">
        </list>
        <value name="rec_closed">true</value>
      </record>
      <record javaclass="com.wm.util.Values">
        <value name="node_type">record</value>
        <value name="node_comment"></value>
        <record name="node_hints" javaclass="com.wm.util.Values">
          <value name="field_largerEditor">false</value>
          <value name="field_password">false</value>
        </record>
        <value name="field_name">errors</value>
        <value name="field_type">record</value>
        <value name="field_dim">1</value>
        <value name="field_opt">true</value>
        <value name="nillable">true</value>
        <list name="rec_fields">
        </list>
        <value name="rec_closed">true</value>
      </record>
    </array>
  </record>
</Values>
</MAPTARGET>
  <MAPSOURCE>

<Values version="2.0">
  <record name="xml" javaclass="com.wm.util.Values">
    <value name="node_type">record</value>
    <value name="field_type">record</value>
    <value name="field_dim">0</value>
    <value name="nillable">true</value>
    <list name="rec_fields">
    </list>
  </record>
</Values>
</MAPSOURCE>

  <!-- nodes -->

<MAPDELETE NAME="Dropper" FIELD="/16R:LINK;2;1">
</MAPDELETE>
</MAP>
</INVOKE>
</SEQUENCE>
</FLOW>
